srNo,orderId,orderNumber,orderDate,customerName,contactPerson,contactPhone,city,salesExecutive,salesExecutiveEmail,totalQuantity,itemsDescription,subtotal,taxAmount,totalAmount,verifiedPaidAmount,balanceAmount,paymentStatus,sentToPlantHead,plantHeadStatus,targetDate,priority,productionPlanNumber,productionStatus,qcStatus,dispatchStatus,dispatchNumber,transporterName,vehicleNumber,driverName,driverPhone,lrNumber,deliveredQuantity,deliveredAt,overallStatus
1,4da2cf3d-73f5-4835-9623-c610dfc147fd,HCPPL/2627/0088,2026-12-06,VASTU NIRMAN BUILDCON,MTH,MO : 9898730533,Gandhinagar,SuperSales 1,supersales1@himalayaerp.com,5,"FRPMHCLD 24X24 (Qty: 4 NOS @ ₹1400); FRPMHCELD 12X12 (Qty: 1 NOS @ ₹450)",6050,1089,7139,0,7139,NOT_DUE,YES,PENDING_ACCEPTANCE,N/A,NORMAL,PP-2627-0088,PENDING_PLANNING,NOT_READY,NOT_DISPATCHED,N/A,N/A,N/A,N/A,N/A,N/A,0,N/A,SENT_TO_PLANT_HEAD
2,37282c01-f6c9-43d9-8ad6-45751c3fc890,HCPPL/2627/0087,2026-12-06,SAGAR CONSTRUCTION,MTH,MO : 7405665789,Jamnagar,SuperSales 1,supersales1@himalayaerp.com,9,"HIMALAYA FRPDOUBLESEAL MHC 600X600 ELD (Qty: 8 NOS @ ₹4170); HIMALAYA FRP MHC 900X900 LD (Qty: 1 NOS @ ₹13110)",46470,8364.6,54834.6,0,54834.6,NOT_DUE,YES,PENDING_ACCEPTANCE,N/A,NORMAL,PP-2627-0087,PENDING_PLANNING,NOT_READY,NOT_DISPATCHED,N/A,N/A,N/A,N/A,N/A,N/A,0,N/A,SENT_TO_PLANT_HEAD
3,25cda5ab-d322-4b63-814c-e72a1512a599,HCPPL/2627/0195,2026-12-06,SHREE BALAJI BUILDCON,JP,8488835388,Ahmedabad,Sales 1,sales1@himalayaerp.com,10,FRPMHCLD 28X28 (Qty: 10 SET @ ₹1950),19500,3510,23010,0,23010,NOT_DUE,YES,PENDING_ACCEPTANCE,N/A,NORMAL,PP-2627-0195,PENDING_PLANNING,NOT_READY,NOT_DISPATCHED,N/A,N/A,N/A,N/A,N/A,N/A,0,N/A,SENT_TO_PLANT_HEAD
4,33e2d09b-76ee-4020-a634-2c81830cb031,HCPPL/2627/0196,2026-12-06,JMD EDU COM PVT LTD,JP,9824222606,Gandhinagar,Sales 1,sales1@himalayaerp.com,12,"FRPMHCELD 12X12 (Qty: 9 SET @ ₹440); FRPMHCLD 15X15 (Qty: 1 SET @ ₹503); FRPMHCLD 24X24 (Qty: 2 SET @ ₹1360)",7183,1292.94,8475.94,8475.94,0,FULLY_PAID,YES,PRODUCTION_PLANNED,2026-09-15,Medium,PP-2627-0196,QC_APPROVED,QC_APPROVED,DELIVERED,DISP - 2026 -0007,himalaya,GJ01CV2345,dipak bhai,8780673475,HCCPL102,12,2026-09-08 09:14:02,COMPLETED
5,409d9c40-c329-4b4b-b383-f746341aa475,HCPPL/2627/0086,2026-11-06,EBONY RESIDENCY LLP,MTH,MO : 9909950110,Ahmedabad,SuperSales 1,supersales1@himalayaerp.com,1,FRPMHCLD 30X30 (Qty: 1 NOS @ ₹3850),3850,693,4543,0,4543,NOT_DUE,YES,PENDING_ACCEPTANCE,N/A,NORMAL,PP-2627-0086,PENDING_PLANNING,NOT_READY,NOT_DISPATCHED,N/A,N/A,N/A,N/A,N/A,N/A,0,N/A,SENT_TO_PLANT_HEAD
6,765816b0-b3d3-4224-b374-21d82aa2bb4d,HCPPL/2627/0208,2026-10-10,SHREE UMIYA CONSTRUCTION,JP,8154007221,Ahmedabad,Sales 1,sales1@himalayaerp.com,10,"FRPMHCLD 28X28 (Qty: 3 SET @ ₹1880); HIMALAYA FRP MHC 600X600 B125 (Qty: 4 SET @ ₹6180); HIMALAYA FRP MHC 750X750 B125 (Qty: 3 SET @ ₹8700)",56460,10162.8,66622.8,0,66622.8,NOT_DUE,YES,PENDING_ACCEPTANCE,N/A,NORMAL,PP-2627-0208,PENDING_PLANNING,NOT_READY,NOT_DISPATCHED,N/A,N/A,N/A,N/A,N/A,N/A,0,N/A,SENT_TO_PLANT_HEAD
7,1dd00af4-2019-41ee-b0bb-f44b6f62a397,HCPPL/2627/0119,2026-10-10,JAY AMBE,MTH,mo:91 98984 23399,Ahmedabad,SuperSales 1,supersales1@himalayaerp.com,4,FRPMHCELD 21X21 (Qty: 4 NOS @ ₹1740),6960,1252.8,8212.8,0,8212.8,NOT_DUE,YES,PENDING_ACCEPTANCE,N/A,NORMAL,PP-2627-0119,PENDING_PLANNING,NOT_READY,NOT_DISPATCHED,N/A,N/A,N/A,N/A,N/A,N/A,0,N/A,SENT_TO_PLANT_HEAD
8,d9b42451-8d7b-41aa-aa87-f7e621bcef8d,HCPPL/2627/0207,2026-10-10,DJU CONSTRUCTION PVT LTD,JP,7041068424,Gandhinagar,Sales 1,sales1@himalayaerp.com,19,FRPMHCLD 28X28 (Qty: 19 SET @ ₹1939),36841,6631.38,43472.38,0,43472.38,NOT_DUE,YES,PENDING_ACCEPTANCE,N/A,NORMAL,PP-2627-0207,PENDING_PLANNING,NOT_READY,NOT_DISPATCHED,N/A,N/A,N/A,N/A,N/A,N/A,0,N/A,SENT_TO_PLANT_HEAD
9,674c71dd-70d6-4901-bdb2-094d54343f50,HCPPL/2627/0206,2026-10-10,SHIVOHAM INFRASTRUCTURE,JP,9313658233,Ahmedabad,Sales 1,sales1@himalayaerp.com,114,"FRPMHCELD 10X10 (Qty: 55 SET @ ₹342); FRPMHCLD 24X24 (Qty: 27 SET @ ₹1157); FRPMHCLD 28X28 (Qty: 32 SET @ ₹1880)",110209,19837.62,130046.62,0,130046.62,NOT_DUE,YES,PENDING_ACCEPTANCE,N/A,NORMAL,PP-2627-0206,PENDING_PLANNING,NOT_READY,NOT_DISPATCHED,N/A,N/A,N/A,N/A,N/A,N/A,0,N/A,SENT_TO_PLANT_HEAD
10,d819cc7e-5fb0-4b27-9370-61b804aac3c9,HCPPL/2627/0191,2026-10-06,DAKSH BUILDCON,JP,9601793161,Ahmedabad,Sales 1,sales1@himalayaerp.com,2,FRPMHCLD 28X28 (Qty: 2 SET @ ₹1950),3900,702,4602,0,4602,NOT_DUE,YES,PENDING_ACCEPTANCE,N/A,NORMAL,PP-2627-0191,PENDING_PLANNING,NOT_READY,NOT_DISPATCHED,N/A,N/A,N/A,N/A,N/A,N/A,0,N/A,SENT_TO_PLANT_HEAD
11,229b0b48-2d1b-47fa-8901-4567f62a43b7,HCPPL/2627/0193,2026-10-06,DAKSH INFRASPACE LLP,JP,9998493157 / 9265046991,Ahmedabad,Sales 1,sales1@himalayaerp.com,2,FRPMHCLD 28X28 (Qty: 2 SET @ ₹1950),3900,702,4602,0,4602,NOT_DUE,YES,PENDING_ACCEPTANCE,N/A,NORMAL,PP-2627-0193,PENDING_PLANNING,NOT_READY,NOT_DISPATCHED,N/A,N/A,N/A,N/A,N/A,N/A,0,N/A,SENT_TO_PLANT_HEAD
12,212a8a8f-1d79-406d-a684-cc8e43ea239d,HCPPL/2627/0192,2026-10-06,VARMINE CONTECH PVT LTD,JP,9537150828,Ahmedabad,Sales 1,sales1@himalayaerp.com,4,HIMALAYA FRP WGC 900X900 E600 (Qty: 4 SET @ ₹23880),95520,17193.6,112713.6,0,112713.6,NOT_DUE,YES,PENDING_ACCEPTANCE,N/A,NORMAL,PP-2627-0192,PENDING_PLANNING,NOT_READY,NOT_DISPATCHED,N/A,N/A,N/A,N/A,N/A,N/A,0,N/A,SENT_TO_PLANT_HEAD
13,19a0e5da-e19e-4d26-90c4-47e2ab6599d8,HCPPL/2627/0194,2026-10-06,SARGAM INFRA PROJECT,JP,7543053371,Gandhinagar,Sales 1,sales1@himalayaerp.com,9,"FRPMHCELD 12X12 (Qty: 4 SET @ ₹441); FRPMHCELD 18X24 (Qty: 2 SET @ ₹1000); FRPMHCLD 28X28 (Qty: 3 SET @ ₹1950)",9614,1730.52,11344.52,0,11344.52,NOT_DUE,YES,PENDING_ACCEPTANCE,N/A,NORMAL,PP-2627-0194,PENDING_PLANNING,NOT_READY,NOT_DISPATCHED,N/A,N/A,N/A,N/A,N/A,N/A,0,N/A,SENT_TO_PLANT_HEAD
14,a1d05fee-4ea3-4f4e-8e3f-1c32b3a513e8,HCPPL/2627/0100,2026-09-29,MIDAS INFRACON PRIVATE LIMITED,MTH,MO: +91 78741 4009,Jamnagar,SuperSales 1,supersales1@himalayaerp.com,215,HIMALAYA FRPONGC 385X700 B125 (Qty: 215 NOS @ ₹2255),484825,87268.5,572093.5,0,572093.5,NOT_DUE,YES,PENDING_ACCEPTANCE,N/A,NORMAL,PP-2627-0100,PENDING_PLANNING,NOT_READY,NOT_DISPATCHED,N/A,N/A,N/A,N/A,N/A,N/A,0,N/A,SENT_TO_PLANT_HEAD
15,b245d8fa-04d1-4ec5-8976-ccc5d0a3ff61,HCPPL/2627/0271,2026-09-08,revanta fortune group,karan bhai,8200594207,Ahmedabad,Sales 3,sales3@himalayaerp.com,3,HIMALAYA FRP MHC 1000X1000 D400 (Qty: 3 SET @ ₹30324),90972,16374.96,107346.96,0,107346.96,NOT_DUE,YES,PRODUCTION_PLANNED,2026-09-09,Medium,PP-0003,QC_APPROVED,QC_APPROVED,READY_FOR_DISPATCH,N/A,N/A,N/A,N/A,N/A,N/A,0,N/A,READY_FOR_DISPATCH
16,a9507e42-adcc-4ada-82bf-18dd93968e02,HCPPL/2627/0190,2026-09-06,AADINATH INFRASTRUCTURE,JP,9099095962,Ahmedabad,Sales 1,sales1@himalayaerp.com,1,HIMALAYA FRP RCS 600X600 ELD (Qty: 1 SET @ ₹5890),5890,1060.2,6950.2,0,6950.2,NOT_DUE,YES,PENDING_ACCEPTANCE,N/A,NORMAL,PP-2627-0190,PENDING_PLANNING,NOT_READY,NOT_DISPATCHED,N/A,N/A,N/A,N/A,N/A,N/A,0,N/A,SENT_TO_PLANT_HEAD
17,8be91088-adef-485b-a414-1e204a01aaf5,HCPPL/2627/0085,2026-09-06,NEST INFRACON,MTH,MO : 8141010400,Ahmedabad,SuperSales 1,supersales1@himalayaerp.com,38,"HIMALAYA FRP MHC 450X450 D400 (Qty: 25 NOS @ ₹6150); HIMALAYA FRP MHC 900X900 LD (Qty: 4 NOS @ ₹13110); HIMALAYA FRP MHC 900X900 B125 (Qty: 5 NOS @ ₹15300); HIMALAYA FRP MHC 450X450 B125 (Qty: 2 NOS @ ₹5160); HIMALAYA FRP MHC 1000X1000 D400 (Qty: 2 NOS @ ₹32010)",357030,64265.4,421295.4,0,421295.4,NOT_DUE,YES,PENDING_ACCEPTANCE,N/A,NORMAL,PP-2627-0085,PENDING_PLANNING,NOT_READY,NOT_DISPATCHED,N/A,N/A,N/A,N/A,N/A,N/A,0,N/A,SENT_TO_PLANT_HEAD
18,04331d42-68bd-4d25-b8ec-5c9aa3d3e77e,HCPPL/2627/0083,2026-09-06,TASNEEM ENTERPRISE,MTH,HUSSAIN BHAI : 9940178652,Chennai,SuperSales 1,supersales1@himalayaerp.com,12,"HIMALAYA FRP RCS 300X300 B125 (Qty: 1 NOS @ ₹6250); HIMALAYA FRP RCS 450X450 B125 (Qty: 9 NOS @ ₹10500); HIMALAYA FRP RCS 600X600 B125 (Qty: 2 NOS @ ₹10300)",121350,21843,143193,0,143193,NOT_DUE,YES,PENDING_ACCEPTANCE,N/A,NORMAL,PP-2627-0083,PENDING_PLANNING,NOT_READY,NOT_DISPATCHED,N/A,N/A,N/A,N/A,N/A,N/A,0,N/A,SENT_TO_PLANT_HEAD
19,bd29e71f-100f-42a3-98ba-858603b45eee,HCPPL/2627/0084,2026-09-06,PARMI SALES,MTH,MO : 9824538982,Surat,SuperSales 1,supersales1@himalayaerp.com,1,HIMALAYA FRPMHC 900MM DIA LD (Qty: 1 NOS @ ₹13900),13900,2502,16402,0,16402,NOT_DUE,YES,PENDING_ACCEPTANCE,N/A,NORMAL,PP-2627-0084,PENDING_PLANNING,NOT_READY,NOT_DISPATCHED,N/A,N/A,N/A,N/A,N/A,N/A,0,N/A,SENT_TO_PLANT_HEAD
20,44a0b8a7-8c74-4eb1-b6b5-bfa1081ecf20,HCPPL/2627/0158,2026-09-06,MAHALAXMI CORPORATION,TL,HITESH BHAI : 7575876516,Ahmedabad,SuperSales 2,supersales2@himalayaerp.com,1,HIMALAYA FRP MHC 1200X1200 D400 (Qty: 1 NOS @ ₹47790),47790,8602.2,56392.2,0,56392.2,NOT_DUE,YES,PENDING_ACCEPTANCE,N/A,NORMAL,PP-2627-0158,PENDING_PLANNING,NOT_READY,NOT_DISPATCHED,N/A,N/A,N/A,N/A,N/A,N/A,0,N/A,SENT_TO_PLANT_HEAD
21,d6dad434-3432-4383-908d-8e9d406b9126,HCPPL/2627/0082,2026-09-06,M.P BABARIYA,MTH,"MO : 9131498218
OFFICE : 9898486134",Surat,SuperSales 1,supersales1@himalayaerp.com,126,"HIMALAYA FRP RCS 600X600 ELD (Qty: 12 NOS @ ₹5434); HIMALAYA FRPDOUBLESEAL MHC 600X600 ELD (Qty: 10 NOS @ ₹3614); HIMALAYA FRP WGC 600X600 ELD (Qty: 72 NOS @ ₹4160); HIMALAYA FRP WGC 600X600 C250 (Qty: 32 NOS @ ₹6942)",623012,112142.16,735154.16,0,735154.16,NOT_DUE,YES,PENDING_ACCEPTANCE,N/A,NORMAL,PP-2627-0082,PENDING_PLANNING,NOT_READY,NOT_DISPATCHED,N/A,N/A,N/A,N/A,N/A,N/A,0,N/A,SENT_TO_PLANT_HEAD
22,3c4274d2-2110-4c09-8ed7-f56dc85c90e0,HCPPL/2627/0145,2026-08-26,SCAC CONSTRUCTION,SITE,9106474296,JAMNAGAR,SuperSales 1,supersales1@himalayaerp.com,57,"HIMALAYA FRP MHC 750X750 B125 (Qty: 5 NOS @ ₹15000); HIMALAYA FRP MHC 450X450 ELD (Qty: 30 NOS @ ₹4600); HIMALAYA FRP MHC 600X600 C250 (Qty: 7 NOS @ ₹12500); HIMALAYA FRP MHC 900X900 C250 (Qty: 13 NOS @ ₹29800); HIMALAYA FRP WGC 450X450 C250 (Qty: 2 NOS @ ₹8400)",704700,126846,831346,0,831346,NOT_DUE,YES,PENDING_ACCEPTANCE,N/A,NORMAL,PP-2627-0145,PENDING_PLANNING,NOT_READY,NOT_DISPATCHED,N/A,N/A,N/A,N/A,N/A,N/A,0,N/A,SENT_TO_PLANT_HEAD
23,8ec3afa0-d2a5-49db-9859-89383f51023c,HCPPL/2627/0144,2026-08-24,TASNEEM ENTERPRISE,HUSSAIN BHAI,HUSSAIN BHAI : 9940178652,Ahmedabad,SuperSales 1,supersales1@himalayaerp.com,57,"HIMALAYA FRP MHC 1200X1200 C250 (Qty: 2 NOS @ ₹1000); HIMALAYA FRP MHC 300X300 B125 (Qty: 10 NOS @ ₹4350); HIMALAYA FRP MHC 450X450 D400 (Qty: 5 NOS @ ₹10250); HIMALAYA FRP MHC 600X600 B125 (Qty: 15 NOS @ ₹10300); HIMALAYA FRP WGC 600X600 B125 (Qty: 10 NOS @ ₹12500); HIMALAYA FRP WGC 300X300 LD (Qty: 10 NOS @ ₹3900); HIMALAYA FRP MHC 600X600 C250 (Qty: 5 NOS @ ₹12500)",477750,85995,563635,0,563635,NOT_DUE,YES,PENDING_ACCEPTANCE,N/A,NORMAL,PP-2627-0144,PENDING_PLANNING,NOT_READY,NOT_DISPATCHED,N/A,N/A,N/A,N/A,N/A,N/A,0,N/A,SENT_TO_PLANT_HEAD
24,cbd4644b-00f0-4a30-ad01-2c1a7fa12d41,HCPPL/2627/0259,2026-08-06,AROMA REALTIES LIMITED,GK,9099065008,Ahmedabad,Sales 4,sales4@himalayaerp.com,186,"FRPMHCELD 12X12 (Qty: 12 SET @ ₹378); HIMALAYA FRPDOUBLESEAL MHC 600X600 ELD (Qty: 42 SET @ ₹3822); FRPMHCELD 21X21 (Qty: 112 SET @ ₹1045); FRPMHCELD 21X21 (Qty: 20 SET @ ₹1045)",303000,54540,357540,0,357540,NOT_DUE,YES,PENDING_ACCEPTANCE,N/A,NORMAL,PP-2627-0259,PENDING_PLANNING,NOT_READY,NOT_DISPATCHED,N/A,N/A,N/A,N/A,N/A,N/A,0,N/A,SENT_TO_PLANT_HEAD
25,bcd25499-37f4-476b-9706-685e9e4e70c6,HCPPL/2627/0254,2026-08-05,VIVAAN ADI INFRA,RT,MO : 8200746742,Ahmedabad,Sales 3,sales3@himalayaerp.com,4,FRPMHCLD 28X28 (Qty: 4 SET @ ₹1881),7524,1354.32,8878.32,0,8878.32,NOT_DUE,YES,PENDING_ACCEPTANCE,N/A,NORMAL,PP-2627-0254,PENDING_PLANNING,NOT_READY,NOT_DISPATCHED,N/A,N/A,N/A,N/A,N/A,N/A,0,N/A,SENT_TO_PLANT_HEAD
26,728e9a35-a68f-45b8-b2ed-68607d2f1ae1,HCPPL/2627/0168,2026-08-05,DHARNI AGENCY,TL,mo:+91 99250 00586,Ahmedabad,SuperSales 2,supersales2@himalayaerp.com,14,"FRPMHCELD 10X10 (Qty: 8 NOS @ ₹354); FRPMHCELD 12X12 (Qty: 3 NOS @ ₹378); FRPMHCLD 30X30 (Qty: 3 NOS @ ₹2550)",11616,2090.88,13706.88,0,13706.88,NOT_DUE,YES,PENDING_ACCEPTANCE,N/A,NORMAL,PP-2627-0168,PENDING_PLANNING,NOT_READY,NOT_DISPATCHED,N/A,N/A,N/A,N/A,N/A,N/A,0,N/A,SENT_TO_PLANT_HEAD
27,f4f8341a-ea89-44ba-b79a-ca9f388612e6,HCPPL/2627/0215,2026-08-05,HORIZON EVENT CENTER,JP,9825019416,Gandhinagar,Sales 1,sales1@himalayaerp.com,10,"FRPMHCELD 21X21 (Qty: 5 SET @ ₹1190); FRPMHCLD 28X28 (Qty: 5 SET @ ₹1970)",15800,2844,18644,0,18644,NOT_DUE,YES,PENDING_ACCEPTANCE,N/A,NORMAL,PP-2627-0215,PENDING_PLANNING,NOT_READY,NOT_DISPATCHED,N/A,N/A,N/A,N/A,N/A,N/A,0,N/A,SENT_TO_PLANT_HEAD
28,288951f4-a586-4ab1-a1dc-b9581c99fc31,HCPPL/2627/0143,2026-08-05,AUM CERAMICS,MTH,MO : 9898541581 / 9374540753,Ahmedabad,SuperSales 1,supersales1@himalayaerp.com,3,HIMALAYA FRP RCS 600X600 ELD (Qty: 3 NOS @ ₹10450),31350,5643,36993,0,36993,NOT_DUE,YES,PENDING_ACCEPTANCE,N/A,NORMAL,PP-2627-0143,PENDING_PLANNING,NOT_READY,NOT_DISPATCHED,N/A,N/A,N/A,N/A,N/A,N/A,0,N/A,SENT_TO_PLANT_HEAD
29,599f919d-27ed-4ab5-adbb-705c8a017991,HCPPL/2627/0214,2026-08-05,SHAKTI INFRASTRUCTURE,JP,8000085861,Ahmedabad,Sales 1,sales1@himalayaerp.com,4,HIMALAYA FRP MHC 600X600 C250 (Qty: 4 SET @ ₹10063),40252,7245.36,47497.36,0,47497.36,NOT_DUE,YES,PENDING_ACCEPTANCE,N/A,NORMAL,PP-2627-0214,PENDING_PLANNING,NOT_READY,NOT_DISPATCHED,N/A,N/A,N/A,N/A,N/A,N/A,0,N/A,SENT_TO_PLANT_HEAD
30,24418855-728c-4617-91c1-13a1fd761554,HCPPL/2627/0141,2026-08-03,AUM CERAMICS,MTH,MO : 9898541581 / 9374540753,Ahmedabad,SuperSales 1,supersales1@himalayaerp.com,2,"HIMALAYA FRP RCS 600X600 ELD (Qty: 1 NOS @ ₹10450); HIMALAYA FRP RCS 600X600 3T (Qty: 1 NOS @ ₹9800)",20250,3645,23895,0,23895,NOT_DUE,YES,PENDING_ACCEPTANCE,N/A,NORMAL,PP-2627-0141,PENDING_PLANNING,NOT_READY,NOT_DISPATCHED,N/A,N/A,N/A,N/A,N/A,N/A,0,N/A,SENT_TO_PLANT_HEAD
31,4e7e56d2-fc47-4652-9f77-45750cc77962,HCPPL/2627/0167,2026-08-03,DHARNI AGENCY,TL,mo:+91 99250 00586,Ahmedabad,SuperSales 2,supersales2@himalayaerp.com,19,"FRPMHCELD 10X10 (Qty: 8 NOS @ ₹354); FRPMHCELD 12X12 (Qty: 3 NOS @ ₹378); FRPMHCLD 30X30 (Qty: 3 NOS @ ₹2550); FRPMHCELD 18X24 (Qty: 2 NOS @ ₹0); FRPMHCLD 24X24 (Qty: 3 NOS @ ₹0)",11616,2090.88,13706.88,0,13706.88,NOT_DUE,YES,PENDING_ACCEPTANCE,N/A,NORMAL,PP-2627-0167,PENDING_PLANNING,NOT_READY,NOT_DISPATCHED,N/A,N/A,N/A,N/A,N/A,N/A,0,N/A,SENT_TO_PLANT_HEAD
32,839c6f73-6fb0-45fc-84d3-768f1e24dc62,HCPPL/2627/0140,2026-08-01,TRIMURTI HOSPITAL TRUST,MTH,MO : 787815808,Ahmedabad,SuperSales 1,supersales1@himalayaerp.com,4,HIMALAYA FRP RCS 900X900 LD (Qty: 4 NOS @ ₹15080),60320,10857.6,71177.6,0,71177.6,NOT_DUE,YES,PENDING_ACCEPTANCE,N/A,NORMAL,PP-2627-0140,PENDING_PLANNING,NOT_READY,NOT_DISPATCHED,N/A,N/A,N/A,N/A,N/A,N/A,0,N/A,SENT_TO_PLANT_HEAD
33,34eb053b-69eb-42f6-a6a3-1f8ea6f58168,HCPPL/2627/0139,2026-07-31,MATRUKRUPA ENTERPRISE,MTH,MO :8160654832,Jamnagar,SuperSales 1,supersales1@himalayaerp.com,10,HIMALAYA FRP MHC 600X600 C250 (Qty: 10 NOS @ ₹6500),65000,11700,76700,0,76700,NOT_DUE,YES,PENDING_ACCEPTANCE,N/A,NORMAL,PP-2627-0139,PENDING_PLANNING,NOT_READY,NOT_DISPATCHED,N/A,N/A,N/A,N/A,N/A,N/A,0,N/A,SENT_TO_PLANT_HEAD
34,582e72d7-4553-4656-a6bf-45ed99fa649e,HCPPL/2627/0270,2026-07-31,GURUKRUPA WIRENETITNG INDUSTRIES,JY,9879148505,Petlad,Jyoti (Sales 12),sales12@himalayaerp.com,1,FRPMHCLD 28X28 (Qty: 1 SET @ ₹2485),2485,447.3,2932.3,0,2932.3,NOT_DUE,NO,NOT_SENT,N/A,NORMAL,N/A,N/A,NOT_READY,NOT_DISPATCHED,N/A,N/A,N/A,N/A,N/A,N/A,0,N/A,CONFIRMED
35,c52a7bb7-85d7-4f6d-aadd-e34188cd191f,HCPPL/2627/0166,2026-07-31,RAJ TREDERS,TL,MO-95104 76067,Surat,SuperSales 2,supersales2@himalayaerp.com,1,HIMALAYA FRP MHC 1000X1000 C250 (Qty: 1 NOS @ ₹21810),21810,3925.8,25735.8,0,25735.8,NOT_DUE,YES,PENDING_ACCEPTANCE,N/A,NORMAL,PP-2627-0166,PENDING_PLANNING,NOT_READY,NOT_DISPATCHED,N/A,N/A,N/A,N/A,N/A,N/A,0,N/A,SENT_TO_PLANT_HEAD
36,92cc15b2-7fd1-4063-9246-781a92ae9127,HCPPL/2627/0253,2026-07-31,BETON PROJECTS,RT,MO : 8866243204,Ahmedabad,Sales 3,sales3@himalayaerp.com,14,"FRPMHCLD 24X24 (Qty: 3 SET @ ₹1297); FRPMHCELD 21X21 (Qty: 5 SET @ ₹1131); FRPMHCELD 10X10 (Qty: 6 SET @ ₹384)",11850,2133,13983,0,13983,NOT_DUE,YES,PENDING_ACCEPTANCE,N/A,NORMAL,PP-2627-0253,PENDING_PLANNING,NOT_READY,NOT_DISPATCHED,N/A,N/A,N/A,N/A,N/A,N/A,0,N/A,SENT_TO_PLANT_HEAD
37,c46201d8-a8b2-4b71-a19a-1402fb6b1de0,HCPPL/2627/0269,2026-07-30,SARANG ENTERPRISE,JY,972252245,Surat,Jyoti (Sales 12),sales12@himalayaerp.com,4,"HIMALAYA FRP RCS 450X450 B125 (Qty: 1 SET @ ₹5974); HIMALAYA FRP RCS 450X450 C250 (Qty: 1 SET @ ₹7598); HIMALAYA FRP RCS 600X600 B125 (Qty: 1 SET @ ₹7250); HIMALAYA FRP RCS 600X600 C250 (Qty: 1 SET @ ₹9512)",30334,5460.12,35794.12,0,35794.12,NOT_DUE,NO,NOT_SENT,N/A,NORMAL,N/A,N/A,NOT_READY,NOT_DISPATCHED,N/A,N/A,N/A,N/A,N/A,N/A,0,N/A,CONFIRMED
38,d74ca14b-9556-40b7-98c8-8e7946228e0c,HCPPL/2627/0213,2026-07-30,RALSONS INNFRASTRUCTURE,JP,9664671017,Ahmedabad,Sales 1,sales1@himalayaerp.com,2,HIMALAYA FRP MHC 450X450 C250 (Qty: 2 SET @ ₹5950),11900,2142,14042,0,14042,NOT_DUE,YES,PENDING_ACCEPTANCE,N/A,NORMAL,PP-2627-0213,PENDING_PLANNING,NOT_READY,NOT_DISPATCHED,N/A,N/A,N/A,N/A,N/A,N/A,0,N/A,SENT_TO_PLANT_HEAD
39,62e2beb1-4024-49f1-9f41-6bf39bf57c10,HCPPL/2627/0243,2026-07-29,ARCHIT CORPORATION,RS,9825137600 / 9998521843,Surat,Sales 2,sales2@himalayaerp.com,10,HIMALAYA FRP WGC 450X450 C250 (Qty: 10 SET @ ₹0),0,0,0,0,0,FULLY_PAID,YES,PENDING_ACCEPTANCE,N/A,NORMAL,PP-2627-0243,PENDING_PLANNING,NOT_READY,NOT_DISPATCHED,N/A,N/A,N/A,N/A,N/A,N/A,0,N/A,SENT_TO_PLANT_HEAD
40,56fd43db-53a2-4d2e-b11f-d6ede75d0bb2,HCPPL/2627/0244,2026-07-29,SHAH SALES CORPORATION,RS,9825199500,Surat,Sales 2,sales2@himalayaerp.com,3,HIMALAYA FRP MHC 600X600 C250 (Qty: 3 SET @ ₹9010),27030,4865.4,31895.4,0,31895.4,NOT_DUE,YES,PENDING_ACCEPTANCE,N/A,NORMAL,PP-2627-0244,PENDING_PLANNING,NOT_READY,NOT_DISPATCHED,N/A,N/A,N/A,N/A,N/A,N/A,0,N/A,SENT_TO_PLANT_HEAD
41,07fa7d8e-5c15-42ec-b0cd-414f7f8244f9,HCPPL/2627/0212,2026-07-29,DAKSH INFRASPACE LLP,JP,9998493157 / 9265046991,Ahmedabad,Sales 1,sales1@himalayaerp.com,1,HIMALAYA FRP MHC 600X600 B125 (Qty: 1 SET @ ₹5660),5660,1018.8,6678.8,0,6678.8,NOT_DUE,YES,PENDING_ACCEPTANCE,N/A,NORMAL,PP-2627-0212,PENDING_PLANNING,NOT_READY,NOT_DISPATCHED,N/A,N/A,N/A,N/A,N/A,N/A,0,N/A,SENT_TO_PLANT_HEAD
42,5609ad0c-35c3-4bae-9c43-65bb759f0ff0,HCPPL/2627/0268,2026-07-29,FARUK MEMON,JY,9824015088,Surat,Jyoti (Sales 12),sales12@himalayaerp.com,53,FRPMHCLD 24X24 (Qty: 53 SET @ ₹1615),85595,15407.1,101002.1,0,101002.1,NOT_DUE,NO,NOT_SENT,N/A,NORMAL,N/A,N/A,NOT_READY,NOT_DISPATCHED,N/A,N/A,N/A,N/A,N/A,N/A,0,N/A,CONFIRMED
43,570978df-0a95-4889-abce-06a15d48472e,HCPPL/2627/0267,2026-07-29,CREATIVE ENGINEERS,JY,9426529701,Surat,Jyoti (Sales 12),sales12@himalayaerp.com,1,FRPMHCLD 24X24 (Qty: 1 SET @ ₹1789),1789,322.02,2111.02,0,2111.02,NOT_DUE,NO,NOT_SENT,N/A,NORMAL,N/A,N/A,NOT_READY,NOT_DISPATCHED,N/A,N/A,N/A,N/A,N/A,N/A,0,N/A,CONFIRMED
44,0dc4c4c8-95a2-4a75-a66d-e93bc67c56cb,HCPPL/2627/0211,2026-07-29,SHREE SHAKTI PROJECTS,JP,9510010743,Ahmedabad,Sales 1,sales1@himalayaerp.com,10,"HIMALAYA FRP RCS 600X600 B125 (Qty: 5 SET @ ₹7895); FRPMHCLD 28X28 (Qty: 1 SET @ ₹2026); FRPMHCLD 18X18 (Qty: 2 SET @ ₹945); FRPMHCLD 15X15 (Qty: 2 SET @ ₹518)",44427,7996.86,52423.86,0,52423.86,NOT_DUE,YES,PENDING_ACCEPTANCE,N/A,NORMAL,PP-2627-0211,PENDING_PLANNING,NOT_READY,NOT_DISPATCHED,N/A,N/A,N/A,N/A,N/A,N/A,0,N/A,SENT_TO_PLANT_HEAD
45,b14621f1-0cce-42cb-938c-4f7cc4136c7b,HCPPL/2627/0138,2026-07-28,JAY AMBE,MTH,mo:91 98984 23399,Ahmedabad,SuperSales 1,supersales1@himalayaerp.com,3,"FRPMHCLD 15X15 (Qty: 2 NOS @ ₹790); FRPMHCLD 28X28 (Qty: 1 NOS @ ₹2895)",4475,805.5,5280.5,0,5280.5,NOT_DUE,YES,PENDING_ACCEPTANCE,N/A,NORMAL,PP-2627-0138,PENDING_PLANNING,NOT_READY,NOT_DISPATCHED,N/A,N/A,N/A,N/A,N/A,N/A,0,N/A,SENT_TO_PLANT_HEAD
46,c1bb4938-a145-4241-9151-99fb10d29394,HCPPL/2627/0252,2026-07-28,PARAS HOSPITALITY,RT,MO : 9426084048,Gandhinagar,Sales 3,sales3@himalayaerp.com,6,"HIMALAYA FRP RCS 600X600 B125 (Qty: 1 SET @ ₹8033); HIMALAYA FRP RCS 750X750 B125 (Qty: 1 SET @ ₹12296); HIMALAYA FRP MHC 600X600 B125 (Qty: 4 SET @ ₹5974)",44225,7960.5,52185.5,0,52185.5,NOT_DUE,YES,PENDING_ACCEPTANCE,N/A,NORMAL,PP-2627-0252,PENDING_PLANNING,NOT_READY,NOT_DISPATCHED,N/A,N/A,N/A,N/A,N/A,N/A,0,N/A,SENT_TO_PLANT_HEAD
47,a146258d-7cda-4700-a68b-99632f581196,HCPPL/2627/0136,2026-07-27,VINAYAK INFRACON,MTH,MO : 7600820489,Ahmedabad,SuperSales 1,supersales1@himalayaerp.com,1,FRPMHCLD 24X24 (Qty: 1 NOS @ ₹1863),1863,335.34,2198.34,0,2198.34,NOT_DUE,YES,PENDING_ACCEPTANCE,N/A,NORMAL,PP-2627-0136,PENDING_PLANNING,NOT_READY,NOT_DISPATCHED,N/A,N/A,N/A,N/A,N/A,N/A,0,N/A,SENT_TO_PLANT_HEAD
48,52cc2c4c-fbff-4d7a-93ff-6a6108ff24be,HCPPL/2627/0137,2026-07-27,JAY AMBE,MTH,mo:91 98984 23399,Ahmedabad,SuperSales 1,supersales1@himalayaerp.com,8,"HIMALAYA FRP MHC 750X750 B125 (Qty: 5 NOS @ ₹15000); HIMALAYA FRP MHC 1000X1000 ELD (Qty: 3 NOS @ ₹28500)",160500,28890,189390,0,189390,NOT_DUE,YES,PENDING_ACCEPTANCE,N/A,NORMAL,PP-2627-0137,PENDING_PLANNING,NOT_READY,NOT_DISPATCHED,N/A,N/A,N/A,N/A,N/A,N/A,0,N/A,SENT_TO_PLANT_HEAD
49,7beaea15-df05-4d9a-a06f-64850a7f34b9,HCPPL/2627/0135,2026-07-27,SAGAR CONSTRUCTION,MTH,MO : 7405665789,Jamnagar,SuperSales 1,supersales1@himalayaerp.com,8,"HIMALAYA FRP MHC 900X900 B125 (Qty: 6 NOS @ ₹15300); HIMALAYA FRP MHC 600X600 C250 (Qty: 2 NOS @ ₹7500)",106800,19224,126024,0,126024,NOT_DUE,YES,PENDING_ACCEPTANCE,N/A,NORMAL,PP-2627-0135,PENDING_PLANNING,NOT_READY,NOT_DISPATCHED,N/A,N/A,N/A,N/A,N/A,N/A,0,N/A,SENT_TO_PLANT_HEAD
50,bf57c716-7525-48e2-8e3a-adacef55ccfd,HCPPL/2627/0251,2026-07-27,PARTH CONSTRUCTION,RT,MO : 9426084123,Ahmedabad,Sales 3,sales3@himalayaerp.com,2,FRPMHCLD 28X28 (Qty: 2 SET @ ₹2308),4616,830.88,5446.88,0,5446.88,NOT_DUE,YES,PENDING_ACCEPTANCE,N/A,NORMAL,PP-2627-0251,PENDING_PLANNING,NOT_READY,NOT_DISPATCHED,N/A,N/A,N/A,N/A,N/A,N/A,0,N/A,SENT_TO_PLANT_HEAD
51,30a4d3e2-dc15-4325-893d-3e72a249c50e,HCPPL/2627/0133,2026-07-25,UNION RESIDENCY CO-OPP. HOUSING SERVICES SOCIETY LTD,MTH,9876543210,Surat,SuperSales 1,supersales1@himalayaerp.com,4,HIMALAYA FRP MHC 600X600 D400 (Qty: 4 NOS @ ₹9396),37584,6765.12,44349.12,0,44349.12,NOT_DUE,YES,PENDING_ACCEPTANCE,N/A,NORMAL,PP-2627-0133,PENDING_PLANNING,NOT_READY,NOT_DISPATCHED,N/A,N/A,N/A,N/A,N/A,N/A,0,N/A,SENT_TO_PLANT_HEAD
52,41577b59-d2d0-4f21-be85-d6528643e704,HCPPL/2627/0134,2026-07-25,MENVOC INFRASTRUCTURE,MTH,MO : 8128859115,Jamnagar,SuperSales 1,supersales1@himalayaerp.com,10,HIMALAYA FRP MHC 600X600 B125 (Qty: 10 NOS @ ₹6180),61800,11124,72924,0,72924,NOT_DUE,YES,PENDING_ACCEPTANCE,N/A,NORMAL,PP-2627-0134,PENDING_PLANNING,NOT_READY,NOT_DISPATCHED,N/A,N/A,N/A,N/A,N/A,N/A,0,N/A,SENT_TO_PLANT_HEAD
53,ac527ea8-6be0-4c4c-b4c6-86e5005d8599,HCPPL/2627/0132,2026-07-23,SUVIDHA CONSTRUCTION,MTH,MO : 8320563752,Morbi,SuperSales 1,supersales1@himalayaerp.com,25,"HIMALAYA FRP MHC 900X900 LD (Qty: 10 NOS @ ₹13110); HIMALAYA FRP MHC 1200X1200 ELD (Qty: 2 NOS @ ₹23100); HIMALAYA FRP MHC 450X450 ELD (Qty: 13 NOS @ ₹2760)",213180,38372.4,251552.4,0,251552.4,NOT_DUE,YES,PENDING_ACCEPTANCE,N/A,NORMAL,PP-2627-0132,PENDING_PLANNING,NOT_READY,NOT_DISPATCHED,N/A,N/A,N/A,N/A,N/A,N/A,0,N/A,SENT_TO_PLANT_HEAD
54,1e68cd60-75e1-49ea-81e9-98e6c016e1bd,HCPPL/2627/0242,2026-07-21,BAPS SWAMINARAYAN SANSTHA,RS,9998992175,Surat,Sales 2,sales2@himalayaerp.com,13,"HIMALAYA FRP MHC 900X900 LD (Qty: 11 SET @ ₹12650); HIMALAYA FRP MHC 1200X1200 ELD (Qty: 2 SET @ ₹21000)",181150,32607,213757,0,213757,NOT_DUE,YES,PENDING_ACCEPTANCE,N/A,NORMAL,PP-2627-0242,PENDING_PLANNING,NOT_READY,NOT_DISPATCHED,N/A,N/A,N/A,N/A,N/A,N/A,0,N/A,SENT_TO_PLANT_HEAD
55,56f95c06-d7f4-45d3-8b6c-5ade6feb291f,HCPPL/2627/0131,2026-07-21,SAGAR CONSTRUCTION,MTH,MO : 7405665789,Jamnagar,SuperSales 1,supersales1@himalayaerp.com,22,HIMALAYA FRP MHC 450X450 ELD (Qty: 22 NOS @ ₹2760),60720,10929.6,71649.6,0,71649.6,NOT_DUE,YES,PENDING_ACCEPTANCE,N/A,NORMAL,PP-2627-0131,PENDING_PLANNING,NOT_READY,NOT_DISPATCHED,N/A,N/A,N/A,N/A,N/A,N/A,0,N/A,SENT_TO_PLANT_HEAD
56,0d8e632b-2312-45e1-a854-0e4b7dfcaf05,HCPPL/2627/0128,2026-07-18,TASNEEM ENTERPRISE,MTH,HUSSAIN BHAI : 9940178652,Chennai,SuperSales 1,supersales1@himalayaerp.com,86,"HIMALAYA FRPMHC 900MM DIA C250 (Qty: 82 NOS @ ₹18900); HIMALAYA FRP RCS 600X600 ELD (Qty: 2 NOS @ ₹9300); HIMALAYA FRP MHC 1200X1200 ELD (Qty: 1 NOS @ ₹38500); HIMALAYA FRP RCS 750X750 ELD (Qty: 1 NOS @ ₹16000)",1622900,292122,1915022,0,1915022,NOT_DUE,YES,PENDING_ACCEPTANCE,N/A,NORMAL,PP-2627-0128,PENDING_PLANNING,NOT_READY,NOT_DISPATCHED,N/A,N/A,N/A,N/A,N/A,N/A,0,N/A,SENT_TO_PLANT_HEAD
57,387925b7-9815-4f5e-ae16-fd0210925337,HCPPL/2627/0129,2026-07-18,NEST INFRACON,MTH,MO : 8141010400,Ahmedabad,SuperSales 1,supersales1@himalayaerp.com,4,"HIMALAYA FRP MHC 900X900 C250 (Qty: 2 NOS @ ₹17880); HIMALAYA FRP MHC 1200X1200 ELD (Qty: 2 NOS @ ₹34650)",105060,18910.8,123970.8,0,123970.8,NOT_DUE,YES,PENDING_ACCEPTANCE,N/A,NORMAL,PP-2627-0129,PENDING_PLANNING,NOT_READY,NOT_DISPATCHED,N/A,N/A,N/A,N/A,N/A,N/A,0,N/A,SENT_TO_PLANT_HEAD
58,0454f1ea-1337-4c7d-a6a4-8e15bec9a56e,HCPPL/2627/0130,2026-07-18,"A. SHRIDHAR CORPORATE HOUSE,",MTH,MO : 9824324399,Ahmedabad,SuperSales 1,supersales1@himalayaerp.com,45,"FRPMHCLD 28X28 (Qty: 27 NOS @ ₹1990); FRPMHCELD 12X12 (Qty: 18 NOS @ ₹409)",61092,10996.56,72088.56,0,72088.56,NOT_DUE,YES,PENDING_ACCEPTANCE,N/A,NORMAL,PP-2627-0130,PENDING_PLANNING,NOT_READY,NOT_DISPATCHED,N/A,N/A,N/A,N/A,N/A,N/A,0,N/A,SENT_TO_PLANT_HEAD
59,5699c6c2-2800-44d3-b84e-371254b6f5fe,HCPPL/2627/0165,2026-07-18,SHREE MOMAI INFRA CONSTRUCTION,TL,84888 11670,Ahmedabad,SuperSales 2,supersales2@himalayaerp.com,8,HIMALAYA FRP WGC 600X600 C250 (Qty: 8 NOS @ ₹6900),55200,9936,65136,0,65136,NOT_DUE,YES,PENDING_ACCEPTANCE,N/A,NORMAL,PP-2627-0165,PENDING_PLANNING,NOT_READY,NOT_DISPATCHED,N/A,N/A,N/A,N/A,N/A,N/A,0,N/A,SENT_TO_PLANT_HEAD
60,5193ccc9-f7da-4b1d-89c1-3ec29668e4cd,HCPPL/2627/0210,2026-07-17,THE VATIKA HOSPITALITY,JP,9328028320,Gandhinagar,Sales 1,sales1@himalayaerp.com,29,"HIMALAYA FRP RCS 600X600 C250 (Qty: 2 SET @ ₹8607); HIMALAYA FRP RCS 600X600 C250 (Qty: 2 SET @ ₹12595); HIMALAYA FRP MHC 600X600 C250 (Qty: 1 SET @ ₹6875); HIMALAYA FRP MHC 900X900 C250 (Qty: 1 SET @ ₹15290); HIMALAYA FRP MHC 750X750 D400 (Qty: 1 SET @ ₹15950); FRPMHCELD 12X12 (Qty: 11 SET @ ₹409); FRPMHCLD 15X15 (Qty: 10 SET @ ₹481); FRPMHCLD 18X18 (Qty: 1 SET @ ₹877)",90705,16326.9,107031.9,0,107031.9,NOT_DUE,YES,PENDING_ACCEPTANCE,N/A,NORMAL,PP-2627-0210,PENDING_PLANNING,NOT_READY,NOT_DISPATCHED,N/A,N/A,N/A,N/A,N/A,N/A,0,N/A,SENT_TO_PLANT_HEAD
61,5dc87100-a477-4a2f-9ce1-578f668ca564,HCPPL/2627/0125,2026-07-17,SUPER SHALIGRAM LLP,MTH,MO : 8000447300,Ahmedabad,SuperSales 1,supersales1@himalayaerp.com,2,HIMALAYA FRP RCS 600X600 ELD (Qty: 2 NOS @ ₹5700),11400,2052,13452,0,13452,NOT_DUE,YES,PENDING_ACCEPTANCE,N/A,NORMAL,PP-2627-0125,PENDING_PLANNING,NOT_READY,NOT_DISPATCHED,N/A,N/A,N/A,N/A,N/A,N/A,0,N/A,SENT_TO_PLANT_HEAD
62,40a3834b-a3db-47f9-a49c-1ff19b90af31,HCPPL/2627/0126,2026-07-17,LARSEN & TOUBRO LTD,MTH,9876543210,Vadodara,SuperSales 1,supersales1@himalayaerp.com,87,"HIMALAYA FRP MHC 1200X1200 C250 (Qty: 1 NOS @ ₹30030); MHC 1200X900 C250 (Qty: 19 NOS @ ₹25532); HIMALAYA FRP WGC 1200x900 C250 (Qty: 11 NOS @ ₹25532); HIMALAYA FRP MHC 600X600 C250 (Qty: 20 NOS @ ₹6750); HIMALAYA FRP WGC 600X600 C250 (Qty: 20 NOS @ ₹6750); HIMALAYA FRP MHC 900X900 C250 (Qty: 13 NOS @ ₹15496); HIMALAYA FRP WGC 900X900 E600 (Qty: 3 NOS @ ₹15496)",1313926,236506.68,1550432.68,0,1550432.68,NOT_DUE,YES,PENDING_ACCEPTANCE,N/A,NORMAL,PP-2627-0126,PENDING_PLANNING,NOT_READY,NOT_DISPATCHED,N/A,N/A,N/A,N/A,N/A,N/A,0,N/A,SENT_TO_PLANT_HEAD
63,03c4ab78-1f9d-4639-99f6-e0ca6edcb62b,HCPPL/2627/0127,2026-07-17,SHREYA CONSTRUCTION,MTH,MO:98989 65003,Jamnagar,SuperSales 1,supersales1@himalayaerp.com,13,HIMALAYA FRP MHC 900X900 B125 (Qty: 13 NOS @ ₹15300),198900,35802,234702,0,234702,NOT_DUE,YES,PENDING_ACCEPTANCE,N/A,NORMAL,PP-2627-0127,PENDING_PLANNING,NOT_READY,NOT_DISPATCHED,N/A,N/A,N/A,N/A,N/A,N/A,0,N/A,SENT_TO_PLANT_HEAD
64,b4e2a12a-a9ed-4b47-95ec-33849ae30dc4,HCPPL/2627/0124,2026-07-16,SOMNATH ENTERPRISE,MTH,MO : 7567964277,Rajkot,SuperSales 1,supersales1@himalayaerp.com,1,HIMALAYA FRP MHC 750X750 C250 (Qty: 1 NOS @ ₹10500),10500,1890,12390,0,12390,NOT_DUE,YES,PENDING_ACCEPTANCE,N/A,NORMAL,PP-2627-0124,PENDING_PLANNING,NOT_READY,NOT_DISPATCHED,N/A,N/A,N/A,N/A,N/A,N/A,0,N/A,SENT_TO_PLANT_HEAD
65,cea1aecd-b8cf-449a-8e80-cf424b635cdf,HCPPL/2627/0263,2026-07-15,UNITED BROTHERS CREATION INFRA,GK,9586362138,Ahmedabad,Sales 4,sales4@himalayaerp.com,2,HIMALAYA FRPDOUBLESEAL MHC 600X600 ELD (Qty: 2 SET @ ₹6600),13200,2376,15576,0,15576,NOT_DUE,YES,PENDING_ACCEPTANCE,N/A,NORMAL,PP-2627-0263,PENDING_PLANNING,NOT_READY,NOT_DISPATCHED,N/A,N/A,N/A,N/A,N/A,N/A,0,N/A,SENT_TO_PLANT_HEAD
66,67fa1bae-ad40-4ebc-abb9-e49bd4754ee2,HCPPL/2627/0266,2026-07-15,BOOTBHAVANI FABRICATORS,JY,8866667755,Kheda,Jyoti (Sales 12),sales12@himalayaerp.com,15,"FRPMHCLD 15X15 (Qty: 5 SET @ ₹481); FRPMHCLD 28X28 (Qty: 10 SET @ ₹1881)",21215,3818.7,25033.7,0,25033.7,NOT_DUE,NO,NOT_SENT,N/A,NORMAL,N/A,N/A,NOT_READY,NOT_DISPATCHED,N/A,N/A,N/A,N/A,N/A,N/A,0,N/A,CONFIRMED
67,6599f2f7-cbb5-43c4-ac11-6dfb3251659e,HCPPL/2627/0250,2026-07-15,SAHJANAND BUILDCON,RT,MO  : 9712363327,Ahmedabad,Sales 3,sales3@himalayaerp.com,12,FRPMHCLD 28X28 (Qty: 12 SET @ ₹1737),20844,3751.92,24595.92,0,24595.92,NOT_DUE,YES,PENDING_ACCEPTANCE,N/A,NORMAL,PP-2627-0250,PENDING_PLANNING,NOT_READY,NOT_DISPATCHED,N/A,N/A,N/A,N/A,N/A,N/A,0,N/A,SENT_TO_PLANT_HEAD
68,92db395b-8e27-44e2-9a4c-781300569dbb,HCPPL/2627/0209,2026-07-15,SHANNON PROJECTS LLP,JP,6378547433,Ahmedabad,Sales 1,sales1@himalayaerp.com,7,HIMALAYA FRP MHC 750X750 C250 (Qty: 7 SET @ ₹10500),73500,13230,86730,0,86730,NOT_DUE,YES,PENDING_ACCEPTANCE,N/A,NORMAL,PP-2627-0209,PENDING_PLANNING,NOT_READY,NOT_DISPATCHED,N/A,N/A,N/A,N/A,N/A,N/A,0,N/A,SENT_TO_PLANT_HEAD
69,2cb2adea-7822-4cbd-86ff-a9acfb05ac36,HCPPL/2627/0123,2026-07-14,RUDRA ENTERPRISE,MTH,MO :7016161202,Jamnagar,SuperSales 1,supersales1@himalayaerp.com,15,"HIMALAYA FRP MHC 300X300 C250 (Qty: 7 NOS @ ₹2998); HIMALAYA FRP MHC 600X600 C250 (Qty: 5 NOS @ ₹6875); HIMALAYA FRP MHC 600X600 D400 (Qty: 3 NOS @ ₹8910)",82091,14776.38,96867.38,0,96867.38,NOT_DUE,YES,PENDING_ACCEPTANCE,N/A,NORMAL,PP-2627-0123,PENDING_PLANNING,NOT_READY,NOT_DISPATCHED,N/A,N/A,N/A,N/A,N/A,N/A,0,N/A,SENT_TO_PLANT_HEAD
70,1270457f-e44c-433d-8e33-cb0fa27f9da5,HCPPL/2627/0264,2026-07-14,MILLENIUM INFRASTUCTURE,GK,MO. : 7978637383,Ahmedabad,Sales 4,sales4@himalayaerp.com,6,HIMALAYA FRP MHC 600X600 D400 (Qty: 6 SET @ ₹9500),57000,10260,67260,0,67260,NOT_DUE,YES,PENDING_ACCEPTANCE,N/A,NORMAL,PP-2627-0264,PENDING_PLANNING,NOT_READY,NOT_DISPATCHED,N/A,N/A,N/A,N/A,N/A,N/A,0,N/A,SENT_TO_PLANT_HEAD
71,e18dfa73-3657-40e7-8539-dd45b936a165,HCPPL/2627/0249,2026-07-14,ROYAL BUILDCON,RT,MO : 8347567717,Ahmedabad,Sales 3,sales3@himalayaerp.com,2,FRPMHCLD 28X28 (Qty: 2 SET @ ₹1881),3762,677.16,4439.16,0,4439.16,NOT_DUE,YES,PENDING_ACCEPTANCE,N/A,NORMAL,PP-2627-0249,PENDING_PLANNING,NOT_READY,NOT_DISPATCHED,N/A,N/A,N/A,N/A,N/A,N/A,0,N/A,SENT_TO_PLANT_HEAD
72,21a2cf98-1b64-4247-96ef-cce5ef39c302,HCPPL/2627/0120,2026-07-13,JAY AMBE,MTH,mo:91 98984 23399,Ahmedabad,SuperSales 1,supersales1@himalayaerp.com,4,"HIMALAYA FRP RCS 600X600 ELD (Qty: 2 NOS @ ₹10450); HIMALAYA FRP RCS 600X600 ELD (Qty: 2 NOS @ ₹10450)",41800,7524,49324,0,49324,NOT_DUE,YES,PENDING_ACCEPTANCE,N/A,NORMAL,PP-2627-0120,PENDING_PLANNING,NOT_READY,NOT_DISPATCHED,N/A,N/A,N/A,N/A,N/A,N/A,0,N/A,SENT_TO_PLANT_HEAD
73,b3fd833c-7411-4939-ab91-6ecd6a959cd6,HCPPL/2627/0121,2026-07-13,AUM CERAMICS,MTH,MO : 9898541581 / 9374540753,Ahmedabad,SuperSales 1,supersales1@himalayaerp.com,21,HIMALAYA FRPONGC 450X600 C250 (Qty: 21 NOS @ ₹3933),82593,14866.74,97459.74,0,97459.74,NOT_DUE,YES,PENDING_ACCEPTANCE,N/A,NORMAL,PP-2627-0121,PENDING_PLANNING,NOT_READY,NOT_DISPATCHED,N/A,N/A,N/A,N/A,N/A,N/A,0,N/A,SENT_TO_PLANT_HEAD
74,ab5d4896-6db8-48c6-bebf-f8d3dc34440a,HCPPL/2627/0164,2026-07-13,RATNAM LEASING LLP,TL,MO : 9974108813,Ahmedabad,SuperSales 2,supersales2@himalayaerp.com,7,"HIMALAYA FRP WGC 600X600 ELD (Qty: 1 NOS @ ₹4509); HIMALAYA FRP WGC 900X900 E600 (Qty: 1 NOS @ ₹11917); HIMALAYA FRP WGC 900X900 E600 (Qty: 2 NOS @ ₹8764); HIMALAYA FRP MHC 600X600 C250 (Qty: 1 NOS @ ₹8418); HIMALAYA FRP WGC 450X450 C250 (Qty: 2 NOS @ ₹5864)",54100,9738,63838,0,63838,NOT_DUE,YES,PENDING_ACCEPTANCE,N/A,NORMAL,PP-2627-0164,PENDING_PLANNING,NOT_READY,NOT_DISPATCHED,N/A,N/A,N/A,N/A,N/A,N/A,0,N/A,SENT_TO_PLANT_HEAD
75,7e923013-2e2b-4d90-8958-181dc3747133,HCPPL/2627/0122,2026-07-13,P.DAS INFRASTRUCTURE PVT LTD,MTH,MO : 9913743705,Ahmedabad,SuperSales 1,supersales1@himalayaerp.com,55,"HIMALAYA FRP MHC 1000X1000 ELD (Qty: 16 NOS @ ₹14946); HIMALAYA FRP MHC 1200X1200 ELD (Qty: 17 NOS @ ₹21714); HIMALAYA FRP MHC 1500X1500 ELD (Qty: 17 NOS @ ₹23100); FRPMHCLD 1800X1800 (Qty: 5 NOS @ ₹36010)",1181024,212584.32,1393608.32,0,1393608.32,NOT_DUE,YES,PENDING_ACCEPTANCE,N/A,NORMAL,PP-2627-0122,PENDING_PLANNING,NOT_READY,NOT_DISPATCHED,N/A,N/A,N/A,N/A,N/A,N/A,0,N/A,SENT_TO_PLANT_HEAD
76,c82c91a8-ed7c-44cc-8353-013d70e7cb9c,HCPPL/2627/0163,2026-07-11,SAANVI GREEN ENERGY PVT LTD,TL,MO : 8655852860,Surat,SuperSales 2,supersales2@himalayaerp.com,13,"FRPMHCLD 24X24 (Qty: 10 NOS @ ₹1297); HIMALAYA FRP MHC 750X750 C250 (Qty: 3 NOS @ ₹10150)",43420,7815.6,51235.6,0,51235.6,NOT_DUE,YES,PENDING_ACCEPTANCE,N/A,NORMAL,PP-2627-0163,PENDING_PLANNING,NOT_READY,NOT_DISPATCHED,N/A,N/A,N/A,N/A,N/A,N/A,0,N/A,SENT_TO_PLANT_HEAD
77,ef494bfb-a494-4724-8017-993c24177325,HCPPL/2627/0118,2026-07-09,SHREE SUNDAR EARTHMOVERS,MTH,MO : 8200276027,Jamnagar,SuperSales 1,supersales1@himalayaerp.com,105,"HIMALAYA FRPDOUBLESEAL MHC 600X600 ELD (Qty: 35 NOS @ ₹4170); HIMALAYA FRP WGC 600X600 ELD (Qty: 60 NOS @ ₹4800); HIMALAYA FRP WGC 450X450 ELD (Qty: 10 NOS @ ₹3000)",463950,83511,547461,0,547461,NOT_DUE,YES,PENDING_ACCEPTANCE,N/A,NORMAL,PP-2627-0118,PENDING_PLANNING,NOT_READY,NOT_DISPATCHED,N/A,N/A,N/A,N/A,N/A,N/A,0,N/A,SENT_TO_PLANT_HEAD
78,2349c0bd-6a6b-404a-9454-af31cd6d5577,HCPPL/2627/0116,2026-07-08,MENVOC INFRASTRUCTURE,MTH,MO : 8128859115,Jamnagar,SuperSales 1,supersales1@himalayaerp.com,10,HIMALAYA FRP WGC 600X600 C250 (Qty: 10 NOS @ ₹8110),81100,14598,95698,0,95698,NOT_DUE,YES,PENDING_ACCEPTANCE,N/A,NORMAL,PP-2627-0116,PENDING_PLANNING,NOT_READY,NOT_DISPATCHED,N/A,N/A,N/A,N/A,N/A,N/A,0,N/A,SENT_TO_PLANT_HEAD
79,a7a20d18-3e48-4914-8a2a-7dcd86f688e2,HCPPL/2627/0115,2026-07-08,PSP PROJECTS LIMITED,MTH,MO : 79 26936200 / 79 26936500 / 8347144709,Ahmedabad,SuperSales 1,supersales1@himalayaerp.com,5,HIMALAYA FRP RCS 750X750 ELD (Qty: 5 NOS @ ₹9132),45660,8218.8,53878.8,0,53878.8,NOT_DUE,YES,PENDING_ACCEPTANCE,N/A,NORMAL,PP-2627-0115,PENDING_PLANNING,NOT_READY,NOT_DISPATCHED,N/A,N/A,N/A,N/A,N/A,N/A,0,N/A,SENT_TO_PLANT_HEAD
80,b9d85c08-4926-4ffa-93c9-2996adf88a92,HCPPL/2627/0117,2026-07-08,MECHWELD INFRACON PVT LTD,MTH,MO : 9737470430,Vadodara,SuperSales 1,supersales1@himalayaerp.com,180,HIMALAYA FRP ONGC 450X1000 LD SINGLE (Qty: 180 NOS @ ₹2850),513000,92340,605340,0,605340,NOT_DUE,YES,PENDING_ACCEPTANCE,N/A,NORMAL,PP-2627-0117,PENDING_PLANNING,NOT_READY,NOT_DISPATCHED,N/A,N/A,N/A,N/A,N/A,N/A,0,N/A,SENT_TO_PLANT_HEAD
81,a2957692-3cfd-4ec7-92b3-71b53bd1ed26,HCPPL/2627/0114,2026-07-07,JAY AMBE,MTH,mo:91 98984 23399,Ahmedabad,SuperSales 1,supersales1@himalayaerp.com,31,"HIMALAYA FRP WGC 300X300 ELD (Qty: 11 NOS @ ₹2600); HIMALAYA FRP WGC 750X750 D400 (Qty: 15 NOS @ ₹13000); HIMALAYA FRP WGC 900X900 E600 (Qty: 5 NOS @ ₹13900)",293100,52758,345858,0,345858,NOT_DUE,YES,PENDING_ACCEPTANCE,N/A,NORMAL,PP-2627-0114,PENDING_PLANNING,NOT_READY,NOT_DISPATCHED,N/A,N/A,N/A,N/A,N/A,N/A,0,N/A,SENT_TO_PLANT_HEAD
82,f080db89-d0d4-4aa0-8e12-67af71d47de7,HCPPL/2627/0162,2026-07-07,CLASSIC ENTERPRISE,TL,MOB.9727220852,Rajkot,SuperSales 2,supersales2@himalayaerp.com,39,"FRPMHCELD 12X12 (Qty: 12 NOS @ ₹630); FRPMHCLD 18X18 (Qty: 9 NOS @ ₹1350); FRPMHCELD 18X24 (Qty: 12 NOS @ ₹1430); FRPMHCLD 24X24 (Qty: 6 NOS @ ₹1995)",48840,8791.2,57631.2,0,57631.2,NOT_DUE,YES,PENDING_ACCEPTANCE,N/A,NORMAL,PP-2627-0162,PENDING_PLANNING,NOT_READY,NOT_DISPATCHED,N/A,N/A,N/A,N/A,N/A,N/A,0,N/A,SENT_TO_PLANT_HEAD
83,ff5a86fc-881f-4996-b1ec-4429a6d6894d,HCPPL/2627/0160,2026-07-04,HARIKA DEVELOPERS,TL,MO : 7069741838,Ahmedabad,SuperSales 2,supersales2@himalayaerp.com,2,HIMALAYA FRP RCS 600X600 D400 (Qty: 2 NOS @ ₹13740),27480,4946.4,32426.4,0,32426.4,NOT_DUE,YES,PENDING_ACCEPTANCE,N/A,NORMAL,PP-2627-0160,PENDING_PLANNING,NOT_READY,NOT_DISPATCHED,N/A,N/A,N/A,N/A,N/A,N/A,0,N/A,SENT_TO_PLANT_HEAD
84,935888e2-4c8f-4840-a4a1-0dd72ab12157,HCPPL/2627/0161,2026-07-04,SHUBH INFRA,TL,MO:+91 70697 41838,Ahmedabad,SuperSales 2,supersales2@himalayaerp.com,1,HIMALAYA FRP RCS 600X600 D400 (Qty: 1 NOS @ ₹13740),13740,2473.2,16213.2,0,16213.2,NOT_DUE,YES,PENDING_ACCEPTANCE,N/A,NORMAL,PP-2627-0161,PENDING_PLANNING,NOT_READY,NOT_DISPATCHED,N/A,N/A,N/A,N/A,N/A,N/A,0,N/A,SENT_TO_PLANT_HEAD
85,0752c988-8133-4aff-80dc-128b8813263b,HCPPL/2627/0203,2026-07-02,OM INFRASTRUCTURE,JP,7046203956,Ahmedabad,Sales 1,sales1@himalayaerp.com,6,HIMALAYA FRP MHC 750X750 D400 (Qty: 6 SET @ ₹15570),93420,16815.6,110235.6,0,110235.6,NOT_DUE,YES,PENDING_ACCEPTANCE,N/A,NORMAL,PP-2627-0203,PENDING_PLANNING,NOT_READY,NOT_DISPATCHED,N/A,N/A,N/A,N/A,N/A,N/A,0,N/A,SENT_TO_PLANT_HEAD
86,c2502841-67d0-4ae6-974c-9451cf63da15,HCPPL/2627/0109,2026-07-02,SAGAR CONSTRUCTION,MTH,MO : 7405665789,Jamnagar,SuperSales 1,supersales1@himalayaerp.com,73,"HIMALAYA FRPDOUBLESEAL MHC 600X600 ELD (Qty: 72 NOS @ ₹4170); HIMALAYA FRP MHC 750X750 B125 (Qty: 1 NOS @ ₹7530)",307770,55398.6,363168.6,0,363168.6,NOT_DUE,YES,PENDING_ACCEPTANCE,N/A,NORMAL,PP-2627-0109,PENDING_PLANNING,NOT_READY,NOT_DISPATCHED,N/A,N/A,N/A,N/A,N/A,N/A,0,N/A,SENT_TO_PLANT_HEAD
87,4e222624-9522-42cd-b39e-ccebbf9dec8c,HCPPL/2627/0257,2026-07-02,UNITED BROTHERS CREATION INFRA,GK,MO : 9586362138,Ahmedabad,Sales 4,sales4@himalayaerp.com,1,HIMALAYA FRP MHC 750X750 B125 (Qty: 1 SET @ ₹10500),10500,1890,12390,0,12390,NOT_DUE,YES,PENDING_ACCEPTANCE,N/A,NORMAL,PP-2627-0257,PENDING_PLANNING,NOT_READY,NOT_DISPATCHED,N/A,N/A,N/A,N/A,N/A,N/A,0,N/A,SENT_TO_PLANT_HEAD
88,89f4ab06-4f79-4d88-85cc-de8a06d5685f,HCPPL/2627/0110,2026-07-02,AUM CERAMICS,MTH,MO : 9898541581 / 9374540753,Ahmedabad,SuperSales 1,supersales1@himalayaerp.com,6,"HIMALAYA FRP MHC 600X900 ELD (Qty: 1 NOS @ ₹9600); HIMALAYA FRPDOUBLESEAL MHC 600X600 ELD (Qty: 2 NOS @ ₹6960); HIMALAYA FRP MHC 900X900 LD (Qty: 3 NOS @ ₹21850)",89070,16032.6,105102.6,0,105102.6,NOT_DUE,YES,PENDING_ACCEPTANCE,N/A,NORMAL,PP-2627-0110,PENDING_PLANNING,NOT_READY,NOT_DISPATCHED,N/A,N/A,N/A,N/A,N/A,N/A,0,N/A,SENT_TO_PLANT_HEAD
89,da873796-a60a-4264-ae13-6fc3929c7671,HCPPL/2627/0106,2026-07-01,AUM CERAMICS,MTH,MO : 9898541581 / 9374540753,Ahmedabad,SuperSales 1,supersales1@himalayaerp.com,5,"HIMALAYA FRP MHC 600X600 B125 (Qty: 4 NOS @ ₹10300); HIMALAYA FRP MHC 900X600 B125 (Qty: 1 NOS @ ₹12950)",54150,9747,63897,0,63897,NOT_DUE,YES,PENDING_ACCEPTANCE,N/A,NORMAL,PP-2627-0106,PENDING_PLANNING,NOT_READY,NOT_DISPATCHED,N/A,N/A,N/A,N/A,N/A,N/A,0,N/A,SENT_TO_PLANT_HEAD
90,13ed7a2d-c43f-495f-85b6-b4b2225cb2d5,HCPPL/2627/0202,2026-06-30,SHUBH ASHIS,JP,8980006376,Ahmedabad,Sales 1,sales1@himalayaerp.com,6,"FRPMHCELD 21X21 (Qty: 2 SET @ ₹859.95); FRPMHCLD 28X28 (Qty: 3 SET @ ₹1103); FRPMHCLD 18X18 (Qty: 1 SET @ ₹1842)",6870.9,1236.76,8107.66,0,8107.66,NOT_DUE,YES,PENDING_ACCEPTANCE,N/A,NORMAL,PP-2627-0202,PENDING_PLANNING,NOT_READY,NOT_DISPATCHED,N/A,N/A,N/A,N/A,N/A,N/A,0,N/A,SENT_TO_PLANT_HEAD
91,e87fb4ea-4a32-4a5f-8c82-086c39f486f0,HCPPL/2627/0261,2026-06-30,ORANGE INFRA,GK,9624659592,Ahmedabad,Sales 4,sales4@himalayaerp.com,70,"FRPMHCELD 12X12 (Qty: 30 SET @ ₹480); FRPMHCELD 18X24 (Qty: 30 SET @ ₹1001); FRPMHCLD 28X28 (Qty: 10 SET @ ₹2025)",64680,11642.4,76322.4,0,76322.4,NOT_DUE,YES,PENDING_ACCEPTANCE,N/A,NORMAL,PP-2627-0261,PENDING_PLANNING,NOT_READY,NOT_DISPATCHED,N/A,N/A,N/A,N/A,N/A,N/A,0,N/A,SENT_TO_PLANT_HEAD
92,cca4d828-1ece-44e1-8f93-b6655ddd4b2b,HCPPL/2627/0102,2026-06-30,AARUSHI AASOCIATES,MTH,MO : 7984257085,Gandhinagar,SuperSales 1,supersales1@himalayaerp.com,4,"FRPMHCLD 18X18 (Qty: 1 NOS @ ₹878); FRPMHCELD 18X24 (Qty: 2 NOS @ ₹930); FRPMHCLD 24X24 (Qty: 1 NOS @ ₹1297)",4035,726.3,4761.3,0,4761.3,NOT_DUE,YES,PENDING_ACCEPTANCE,N/A,NORMAL,PP-2627-0102,PENDING_PLANNING,NOT_READY,NOT_DISPATCHED,N/A,N/A,N/A,N/A,N/A,N/A,0,N/A,SENT_TO_PLANT_HEAD
93,b2d4e8b7-4ce5-42c1-9885-2ed926b850ad,HCPPL/2627/0104,2026-06-30,BALMUKUND ENTERPRISE,MTH,MO : 7778999998 / 9016199919,Jamnagar,SuperSales 1,supersales1@himalayaerp.com,5,MHC 1200X900 LD (Qty: 5 NOS @ ₹16500),82500,14850,97350,0,97350,NOT_DUE,YES,PENDING_ACCEPTANCE,N/A,NORMAL,PP-2627-0104,PENDING_PLANNING,NOT_READY,NOT_DISPATCHED,N/A,N/A,N/A,N/A,N/A,N/A,0,N/A,SENT_TO_PLANT_HEAD
94,1a9e6fbf-2bf2-4cdc-a3c6-0cb26e927e00,HCPPL/2627/0265,2026-06-30,A. VALLABHDAS ENGINEERING CO.,JY,9925010258,Ahmedabad,Jyoti (Sales 12),sales12@himalayaerp.com,5,HIMALAYA FRP RCS 450X450 LD (Qty: 5 SET @ ₹5817),29085,5235.3,34320.3,0,34320.3,NOT_DUE,NO,NOT_SENT,N/A,NORMAL,N/A,N/A,NOT_READY,NOT_DISPATCHED,N/A,N/A,N/A,N/A,N/A,N/A,0,N/A,CONFIRMED
95,aee33def-9290-4157-80c1-e89db6a7864d,HCPPL/2627/0105,2026-06-30,JAY AMBE,MTH,ROOSHIL BHAI : 9879515722 / 9898423399,Ahmedabad,SuperSales 1,supersales1@himalayaerp.com,2,HIMALAYA FRP RCS 900X900 LD (Qty: 2 NOS @ ₹26000),52000,9360,61360,0,61360,NOT_DUE,YES,PENDING_ACCEPTANCE,N/A,NORMAL,PP-2627-0105,PENDING_PLANNING,NOT_READY,NOT_DISPATCHED,N/A,N/A,N/A,N/A,N/A,N/A,0,N/A,SENT_TO_PLANT_HEAD
96,85ec7dab-d03a-4131-960e-e77e331c04ac,HCPPL/2627/0101,2026-06-30,DEVARSH CONSTRUCTION CO.,MTH,MO : 9727623517 / 9998744602,Gandhinagar,SuperSales 1,supersales1@himalayaerp.com,25,HIMALAYA FRP RCS 600X600 B125 (Qty: 25 NOS @ ₹8700),217500,39150,256650,0,256650,NOT_DUE,YES,PENDING_ACCEPTANCE,N/A,NORMAL,PP-2627-0101,PENDING_PLANNING,NOT_READY,NOT_DISPATCHED,N/A,N/A,N/A,N/A,N/A,N/A,0,N/A,SENT_TO_PLANT_HEAD
97,d5eb1bf2-1a8d-4f23-933a-4c36dd0dede8,HCPPL/2627/0241,2026-06-29,ARCHIT CORPORATION,RS,9825137600 / 9998521843,Surat,Sales 2,sales2@himalayaerp.com,83,"HIMALAYA FRP WGC 600X600 D400 (Qty: 1 SET @ ₹8400); HIMALAYA FRP WGC 300X300 B125 (Qty: 7 SET @ ₹2088); HIMALAYA FRP RCS 600X600 D400 (Qty: 3 SET @ ₹10176); HIMALAYA FRP MHC 300X300 LD (Qty: 56 SET @ ₹0); HIMALAYA FRP MHC 300X300 D400 (Qty: 1 SET @ ₹0); FRPMHCLD 18X18 (Qty: 1 SET @ ₹0); FRPMHCELD 12X12 (Qty: 10 SET @ ₹0); FRPMHCLD 24X24 (Qty: 3 SET @ ₹0); HIMALAYA FRP MHC 600X600 D400 (Qty: 1 SET @ ₹0)",53544,9637.92,63181.92,0,63181.92,NOT_DUE,YES,PENDING_ACCEPTANCE,N/A,NORMAL,PP-2627-0241,PENDING_PLANNING,NOT_READY,NOT_DISPATCHED,N/A,N/A,N/A,N/A,N/A,N/A,0,N/A,SENT_TO_PLANT_HEAD
98,9ba46bd2-0844-44ad-aab1-5fa7daf1ab6b,HCPPL/2627/0201,2026-06-29,AAGAM BUILDCON LLP,JP,9327014400,Ahmedabad,Sales 1,sales1@himalayaerp.com,1,HIMALAYA FRPDOUBLESEAL MHC 600X600 ELD (Qty: 1 SET @ ₹6175),6175,1111.5,7286.5,0,7286.5,NOT_DUE,YES,PENDING_ACCEPTANCE,N/A,NORMAL,PP-2627-0201,PENDING_PLANNING,NOT_READY,NOT_DISPATCHED,N/A,N/A,N/A,N/A,N/A,N/A,0,N/A,SENT_TO_PLANT_HEAD
99,9279db03-7096-4b23-9acb-816a078111e0,HCPPL/2627/0098,2026-06-29,AUM CERAMICS,MTH,MO : 9898541581 / 9374540753,Ahmedabad,SuperSales 1,supersales1@himalayaerp.com,15,"FRPMHCLD 28X28 (Qty: 14 NOS @ ₹2895); FRPMHCLD 36X36 (Qty: 1 NOS @ ₹6550)",47080,8474.4,55554.4,0,55554.4,NOT_DUE,YES,PENDING_ACCEPTANCE,N/A,NORMAL,PP-2627-0098,PENDING_PLANNING,NOT_READY,NOT_DISPATCHED,N/A,N/A,N/A,N/A,N/A,N/A,0,N/A,SENT_TO_PLANT_HEAD
100,884fe47d-c260-4761-8874-3be76391fe9e,HCPPL/2627/0096,2026-06-29,JAY AMBE,MTH,ROOSHIL BHAI : 9879515722 / 9898423399,Ahmedabad,SuperSales 1,supersales1@himalayaerp.com,5,HIMALAYA FRP RCS 900X900 LD (Qty: 5 NOS @ ₹26000),130000,23400,153400,0,153400,NOT_DUE,YES,PENDING_ACCEPTANCE,N/A,NORMAL,PP-2627-0096,PENDING_PLANNING,NOT_READY,NOT_DISPATCHED,N/A,N/A,N/A,N/A,N/A,N/A,0,N/A,SENT_TO_PLANT_HEAD
101,c74e195c-abf8-4d67-8d10-f29ecd22e1b8,HCPPL/2627/0099,2026-06-29,"1, A. SHRIDHAR CORPORATE HOUSE,",MTH,MO : 9727744179,Ahmedabad,SuperSales 1,supersales1@himalayaerp.com,20,FRPMHCELD 21X21 (Qty: 20 NOS @ ₹1100),22000,3960,25960,0,25960,NOT_DUE,YES,PENDING_ACCEPTANCE,N/A,NORMAL,PP-2627-0099,PENDING_PLANNING,NOT_READY,NOT_DISPATCHED,N/A,N/A,N/A,N/A,N/A,N/A,0,N/A,SENT_TO_PLANT_HEAD
102,d5eb1bf2-1a8d-4f23-933a-4c36dd0dede8,HCPPL/2627/0241,2026-06-29,ARCHIT CORPORATION,RS,9825137600 / 9998521843,Surat,Sales 2,sales2@himalayaerp.com,83,"HIMALAYA FRP WGC 600X600 D400 (Qty: 1 SET @ ₹8400); HIMALAYA FRP WGC 300X300 B125 (Qty: 7 SET @ ₹2088); HIMALAYA FRP RCS 600X600 D400 (Qty: 3 SET @ ₹10176); HIMALAYA FRP MHC 300X300 LD (Qty: 56 SET @ ₹0); HIMALAYA FRP MHC 300X300 D400 (Qty: 1 SET @ ₹0); FRPMHCLD 18X18 (Qty: 1 SET @ ₹0); FRPMHCELD 12X12 (Qty: 10 SET @ ₹0); FRPMHCLD 24X24 (Qty: 3 SET @ ₹0); HIMALAYA FRP MHC 600X600 D400 (Qty: 1 SET @ ₹0)",53544,9637.92,63181.92,0,63181.92,NOT_DUE,YES,PENDING_ACCEPTANCE,N/A,NORMAL,PP-2627-0241,PENDING_PLANNING,NOT_READY,NOT_DISPATCHED,N/A,N/A,N/A,N/A,N/A,N/A,0,N/A,SENT_TO_PLANT_HEAD
103,c674c34a-d9e4-4bf7-8258-bab05662b76d,HCPPL/2627/0200,2026-06-26,FIROZ BHAI,JP,9824129139,Gandhinagar,Sales 1,sales1@himalayaerp.com,5,HIMALAYA FRP RCS 600X600 ELD (Qty: 5 SET @ ₹5510),27550,4959,32509,0,32509,NOT_DUE,YES,PENDING_ACCEPTANCE,N/A,NORMAL,PP-2627-0200,PENDING_PLANNING,NOT_READY,NOT_DISPATCHED,N/A,N/A,N/A,N/A,N/A,N/A,0,N/A,SENT_TO_PLANT_HEAD
104,61f9d5e4-fbcb-4709-92e9-7cc7c0f4c21f,HCPPL/2627/0095,2026-06-26,JAY AMBE,MTH,mo:91 98984 23399,Ahmedabad,SuperSales 1,supersales1@himalayaerp.com,43,"FRPMHCELD 21X21 (Qty: 10 NOS @ ₹1740); FRPMHCLD 28X28 (Qty: 5 NOS @ ₹2895); HIMALAYA FRP WGC 300X300 ELD (Qty: 2 NOS @ ₹2600); FRPMHCELD 12X12 (Qty: 12 NOS @ ₹795); FRPMHCLD 28X28 (Qty: 10 NOS @ ₹2895); FRPMHCLD 24X24 (Qty: 4 NOS @ ₹1995)",83545,15038.1,98583.1,0,98583.1,NOT_DUE,YES,PENDING_ACCEPTANCE,N/A,NORMAL,PP-2627-0095,PENDING_PLANNING,NOT_READY,NOT_DISPATCHED,N/A,N/A,N/A,N/A,N/A,N/A,0,N/A,SENT_TO_PLANT_HEAD
105,983ad999-58f3-4118-b861-35394b6253c1,HCPPL/2627/0199,2026-06-26,RAMAV INFRA,JP,9913437446,Ahmedabad,Sales 1,sales1@himalayaerp.com,4,HIMALAYA FRP RCS 600X600 D400 (Qty: 4 SET @ ₹9720),38880,6998.4,45878.4,0,45878.4,NOT_DUE,YES,PENDING_ACCEPTANCE,N/A,NORMAL,PP-2627-0199,PENDING_PLANNING,NOT_READY,NOT_DISPATCHED,N/A,N/A,N/A,N/A,N/A,N/A,0,N/A,SENT_TO_PLANT_HEAD
106,1b39b5e8-7fdc-4d53-ad41-c74428b137b7,HCPPL/2627/0092,2026-06-25,JAY AMBE,MTH,mo:91 98984 23399,Ahmedabad,SuperSales 1,supersales1@himalayaerp.com,18,FRPMHCLD 24X24 (Qty: 18 NOS @ ₹1995),35910,6463.8,42373.8,0,42373.8,NOT_DUE,YES,PENDING_ACCEPTANCE,N/A,NORMAL,PP-2627-0092,PENDING_PLANNING,NOT_READY,NOT_DISPATCHED,N/A,N/A,N/A,N/A,N/A,N/A,0,N/A,SENT_TO_PLANT_HEAD
107,edf4374a-42b2-498c-acef-06e919011c72,HCPPL/2627/0094,2026-06-25,JAY AMBE,MTH,mo:91 98984 23399,Ahmedabad,SuperSales 1,supersales1@himalayaerp.com,6,HIMALAYA FRP WGC 900X900 E600 (Qty: 6 NOS @ ₹13900),83400,15012,98412,0,98412,NOT_DUE,YES,PENDING_ACCEPTANCE,N/A,NORMAL,PP-2627-0094,PENDING_PLANNING,NOT_READY,NOT_DISPATCHED,N/A,N/A,N/A,N/A,N/A,N/A,0,N/A,SENT_TO_PLANT_HEAD
108,03ac7c7e-2220-4ed0-a3bb-9954079073e7,HCPPL/2627/0093,2026-06-25,JAY AMBE,MTH,ROOSHIL BHAI : 9879515722 / 9898423399,Ahmedabad,SuperSales 1,supersales1@himalayaerp.com,2,HIMALAYA FRP RCS 900X900 LD (Qty: 2 NOS @ ₹26000),52000,9360,61360,0,61360,NOT_DUE,YES,PENDING_ACCEPTANCE,N/A,NORMAL,PP-2627-0093,PENDING_PLANNING,NOT_READY,NOT_DISPATCHED,N/A,N/A,N/A,N/A,N/A,N/A,0,N/A,SENT_TO_PLANT_HEAD
109,c614b690-2ca9-4b2d-bffc-9e0bdba1b19b,HCPPL/2627/0091,2026-06-15,MECHWELD INFRACON PVT LTD,MTH,MO : 9737470430,Vadodara,SuperSales 1,supersales1@himalayaerp.com,14,"HIMALAYA FRP MHC 900X900 LD (Qty: 7 NOS @ ₹13110); HIMALAYA FRP MHC 1000X1000 ELD (Qty: 4 NOS @ ₹17100); MHC 1200X900 C250 (Qty: 3 NOS @ ₹29460)",248550,44739,293289,0,293289,NOT_DUE,YES,PENDING_ACCEPTANCE,N/A,NORMAL,PP-2627-0091,PENDING_PLANNING,NOT_READY,NOT_DISPATCHED,N/A,N/A,N/A,N/A,N/A,N/A,0,N/A,SENT_TO_PLANT_HEAD
110,d37ba869-d6da-4768-a0d0-2fe97a61b275,HCPPL/2627/0103,2026-06-15,MECHWELD INFRACON PVT LTD,MTH,MO : 9737470430,Vadodara,SuperSales 1,supersales1@himalayaerp.com,14,"HIMALAYA FRP MHC 900X900 LD (Qty: 7 NOS @ ₹13110); HIMALAYA FRP MHC 1000X1000 ELD (Qty: 4 NOS @ ₹17100); MHC 1200X900 C250 (Qty: 3 NOS @ ₹29460)",248550,44739,293289,0,293289,NOT_DUE,YES,PENDING_ACCEPTANCE,N/A,NORMAL,PP-2627-0103,PENDING_PLANNING,NOT_READY,NOT_DISPATCHED,N/A,N/A,N/A,N/A,N/A,N/A,0,N/A,SENT_TO_PLANT_HEAD
111,e97e8da6-afec-433e-9772-05cf6322fc69,HCPPL/2627/0198,2026-06-15,SHREEJI PROJECTS,JP,9924779149,Ahmedabad,Sales 1,sales1@himalayaerp.com,2,FRPMHCLD 28X28 (Qty: 2 SET @ ₹2025),4050,729,4779,0,4779,NOT_DUE,YES,PENDING_ACCEPTANCE,N/A,NORMAL,PP-2627-0198,PENDING_PLANNING,NOT_READY,NOT_DISPATCHED,N/A,N/A,N/A,N/A,N/A,N/A,0,N/A,SENT_TO_PLANT_HEAD
112,74f4a34d-9331-4797-bb36-21f994a87049,HCPPL/2627/0197,2026-06-15,SARGAM INFRA PROJECT,JP,7543053371,Gandhinagar,Sales 1,sales1@himalayaerp.com,1,HIMALAYA FRP MHC 900X900 LD (Qty: 1 SET @ ₹13110),13110,2359.8,15469.8,0,15469.8,NOT_DUE,YES,PENDING_ACCEPTANCE,N/A,NORMAL,PP-2627-0197,PENDING_PLANNING,NOT_READY,NOT_DISPATCHED,N/A,N/A,N/A,N/A,N/A,N/A,0,N/A,SENT_TO_PLANT_HEAD
113,cd0448b2-5a19-4a6d-99e4-f3dec66b1551,HCPPL/2627/0090,2026-06-14,MODERN POWER SERVICES,MTH,MO : 8141748687,Ahmedabad,SuperSales 1,supersales1@himalayaerp.com,25,HIMALAYA FRP RCS 600X600 C250 (Qty: 25 NOS @ ₹8000),200000,36000,236000,0,236000,NOT_DUE,YES,PENDING_ACCEPTANCE,N/A,NORMAL,PP-2627-0090,PENDING_PLANNING,NOT_READY,NOT_DISPATCHED,N/A,N/A,N/A,N/A,N/A,N/A,0,N/A,SENT_TO_PLANT_HEAD
114,2a9b762a-42c4-4396-9c32-c60b51509242,HCPPL/2627/0260,2026-06-13,GAJANAND CORPORATION,GK,9925047840,Ahmedabad,Sales 4,sales4@himalayaerp.com,3,"FRPMHCLD 24X24 (Qty: 2 SET @ ₹1980); FRPMHCLD 24X24 (Qty: 1 SET @ ₹1525)",5485,987.3,6472.3,0,6472.3,NOT_DUE,YES,PENDING_ACCEPTANCE,N/A,NORMAL,PP-2627-0260,PENDING_PLANNING,NOT_READY,NOT_DISPATCHED,N/A,N/A,N/A,N/A,N/A,N/A,0,N/A,SENT_TO_PLANT_HEAD
115,b2819a7f-7e6b-46e8-92e1-1bdd2d77ca90,HCPPL/2627/0089,2026-06-13,PARMI SALES,MTH,MO : 9824538982,Surat,SuperSales 1,supersales1@himalayaerp.com,3,HIMALAYA FRPDOUBLESEAL MHC 600X600 ELD (Qty: 3 NOS @ ₹6950),20850,3753,24603,0,24603,NOT_DUE,YES,PENDING_ACCEPTANCE,N/A,NORMAL,PP-2627-0089,PENDING_PLANNING,NOT_READY,NOT_DISPATCHED,N/A,N/A,N/A,N/A,N/A,N/A,0,N/A,SENT_TO_PLANT_HEAD
116,ed567fa7-2e1d-4f50-b55a-bb530656f308,HCPPL/2627/0112,2026-06-07,DEVARSH CONSTRUCTION CO.,MTH,MO : 9727623517 / 9998744602,Gandhinagar,SuperSales 1,supersales1@himalayaerp.com,1,HIMALAYA FRP RCS 600X600 B125 (Qty: 1 NOS @ ₹9910),9910,1783.8,11693.8,0,11693.8,NOT_DUE,YES,PENDING_ACCEPTANCE,N/A,NORMAL,PP-2627-0112,PENDING_PLANNING,NOT_READY,NOT_DISPATCHED,N/A,N/A,N/A,N/A,N/A,N/A,0,N/A,SENT_TO_PLANT_HEAD
117,3fa9aa40-a8a3-42fb-adb1-f447c7668069,HCPPL/2627/0113,2026-06-07,TASNEEM ENTERPRISE,MTH,HUSSAIN BHAI : 9940178652,Chennai,SuperSales 1,supersales1@himalayaerp.com,59,"HIMALAYA FRP MHC 450X450 ELD (Qty: 15 NOS @ ₹4600); HIMALAYA FRPDOUBLESEAL MHC 600X600 ELD (Qty: 30 NOS @ ₹6950); HIMALAYA FRP MHC 600X600 D400 (Qty: 5 NOS @ ₹16200); HIMALAYA FRP MHC 750X750 LD (Qty: 4 NOS @ ₹12550); HIMALAYA FRP MHC 900X900 B125 (Qty: 5 NOS @ ₹25500)",536200,96516,632716,0,632716,NOT_DUE,YES,PENDING_ACCEPTANCE,N/A,NORMAL,PP-2627-0113,PENDING_PLANNING,NOT_READY,NOT_DISPATCHED,N/A,N/A,N/A,N/A,N/A,N/A,0,N/A,SENT_TO_PLANT_HEAD
118,8413a7b4-9cbe-44e2-8825-dffd41402aad,HCPPL/2627/0081,2026-06-06,BALMUKUND ENTERPRISE,MTH,MO : 7778999998 / 9016199919,Jamnagar,SuperSales 1,supersales1@himalayaerp.com,17,"HIMALAYA FRPONGC 600X600 C250 (Qty: 3 NOS @ ₹4374); HIMALAYA FRP MHC 900X900 LD (Qty: 3 NOS @ ₹13110); HIMALAYA FRP MHC 900X900 C250 (Qty: 10 NOS @ ₹17880); MHC 1200X900 C250 (Qty: 1 NOS @ ₹29460)",260712,46928.16,307640.16,0,307640.16,NOT_DUE,YES,PENDING_ACCEPTANCE,N/A,NORMAL,PP-2627-0081,PENDING_PLANNING,NOT_READY,NOT_DISPATCHED,N/A,N/A,N/A,N/A,N/A,N/A,0,N/A,SENT_TO_PLANT_HEAD
119,56d7274d-7f10-4021-b2e7-5ce13c284708,HCPPL/2627/0080,2026-06-06,SAGAR CONSTRUCTION,MTH,MO : 7405665789,Jamnagar,SuperSales 1,supersales1@himalayaerp.com,6,"HIMALAYA FRP MHC 900X900 C250 (Qty: 2 NOS @ ₹17880); HIMALAYA FRPDOUBLESEAL MHC 600X600 ELD (Qty: 4 NOS @ ₹4170)",52440,9439.2,61879.2,0,61879.2,NOT_DUE,YES,PENDING_ACCEPTANCE,N/A,NORMAL,PP-2627-0080,PENDING_PLANNING,NOT_READY,NOT_DISPATCHED,N/A,N/A,N/A,N/A,N/A,N/A,0,N/A,SENT_TO_PLANT_HEAD
120,eb1935ad-2585-4ec8-b041-9c04193eac37,HCPPL/2627/0077,2026-06-05,JAY AMBE,MTH,mo:91 98984 23399,Ahmedabad,SuperSales 1,supersales1@himalayaerp.com,1,HIMALAYA FRP WGC 300X300 LD (Qty: 1 NOS @ ₹5350),5350,963,6313,0,6313,NOT_DUE,YES,PENDING_ACCEPTANCE,N/A,NORMAL,PP-2627-0077,PENDING_PLANNING,NOT_READY,NOT_DISPATCHED,N/A,N/A,N/A,N/A,N/A,N/A,0,N/A,SENT_TO_PLANT_HEAD
121,e4900aaf-90ab-4e07-866a-258f1c13ebe6,HCPPL/2627/0079,2026-06-05,JAY AMBE,MTH,mo:91 98984 23399,Ahmedabad,SuperSales 1,supersales1@himalayaerp.com,6,"HIMALAYA FRP MHC 600X600 C250 (Qty: 1 NOS @ ₹12550); HIMALAYA FRP MHC 750X750 C250 (Qty: 1 NOS @ ₹17500); HIMALAYA FRP MHC 450X450 C250 (Qty: 1 NOS @ ₹9150); HIMALAYA FRP WGC 450X450 C250 (Qty: 1 NOS @ ₹9300); HIMALAYA FRP WGC 600X600 C250 (Qty: 1 NOS @ ₹13350); HIMALAYA FRP RCS 600X600 C250 (Qty: 1 NOS @ ₹15650)",77500,13950,91450,0,91450,NOT_DUE,YES,PENDING_ACCEPTANCE,N/A,NORMAL,PP-2627-0079,PENDING_PLANNING,NOT_READY,NOT_DISPATCHED,N/A,N/A,N/A,N/A,N/A,N/A,0,N/A,SENT_TO_PLANT_HEAD
122,b762845c-db0f-4e5e-a21c-525f40ff9997,HCPPL/2627/0189,2026-06-04,BALATRIPURA DEVELOPERS,JP,9825172250,Ahmedabad,Sales 1,sales1@himalayaerp.com,20,"FRPMHCLD 28X28 (Qty: 12 SET @ ₹1880); HIMALAYA FRP MHC 600X600 B125 (Qty: 2 SET @ ₹6180); HIMALAYA FRP MHC 750X750 LD (Qty: 6 SET @ ₹7279)",78594,14146.92,92740.92,0,92740.92,NOT_DUE,YES,PENDING_ACCEPTANCE,N/A,NORMAL,PP-2627-0189,PENDING_PLANNING,NOT_READY,NOT_DISPATCHED,N/A,N/A,N/A,N/A,N/A,N/A,0,N/A,SENT_TO_PLANT_HEAD
123,ab67d474-47a8-41a2-9432-961b344894a5,HCPPL/2627/0258,2026-06-04,RAJESH HARDWARE MART,GK,8200256431,Ahmedabad,Sales 4,sales4@himalayaerp.com,1,HIMALAYA FRP MHC 900X900 C250 (Qty: 1 SET @ ₹19370),19370,3486.6,22856.6,0,22856.6,NOT_DUE,YES,PENDING_ACCEPTANCE,N/A,NORMAL,PP-2627-0258,PENDING_PLANNING,NOT_READY,NOT_DISPATCHED,N/A,N/A,N/A,N/A,N/A,N/A,0,N/A,SENT_TO_PLANT_HEAD
124,1615bb78-f76a-438e-b259-3682757e242a,HCPPL/2627/0239,2026-06-04,ARCHIT CORPORATION,RS,9825137600 / 9998521843,Surat,Sales 2,sales2@himalayaerp.com,10,HIMALAYA FRP WGC 450X450 C250 (Qty: 10 SET @ ₹0),0,0,0,0,0,FULLY_PAID,YES,PENDING_ACCEPTANCE,N/A,NORMAL,PP-2627-0239,PENDING_PLANNING,NOT_READY,NOT_DISPATCHED,N/A,N/A,N/A,N/A,N/A,N/A,0,N/A,SENT_TO_PLANT_HEAD
125,f32fed34-356f-4b76-a2fe-3b5f82f752ff,HCPPL/2627/0187,2026-06-01,VARMINE CONTECH PVT LTD,JP,9537150828,Ahmedabad,Sales 1,sales1@himalayaerp.com,4,HIMALAYA FRP MHC 900X900 D400 (Qty: 4 SET @ ₹23880),95520,17193.6,112713.6,0,112713.6,NOT_DUE,YES,PENDING_ACCEPTANCE,N/A,NORMAL,PP-2627-0187,PENDING_PLANNING,NOT_READY,NOT_DISPATCHED,N/A,N/A,N/A,N/A,N/A,N/A,0,N/A,SENT_TO_PLANT_HEAD
126,9b022636-fd50-4421-a76c-c2a7d50f85b0,HCPPL/2627/0156,2026-06-01,NILKANTH CORPORATION,TL,MO:+91 99049 85658,Ahmedabad,SuperSales 2,supersales2@himalayaerp.com,2,"HIMALAYA FRP MHC 600X600 C250 (Qty: 1 NOS @ ₹8000); HIMALAYA FRP MHC 600X450 C250 (Qty: 1 NOS @ ₹5576)",13576,2443.68,16019.68,0,16019.68,NOT_DUE,YES,PENDING_ACCEPTANCE,N/A,NORMAL,PP-2627-0156,PENDING_PLANNING,NOT_READY,NOT_DISPATCHED,N/A,N/A,N/A,N/A,N/A,N/A,0,N/A,SENT_TO_PLANT_HEAD
127,ff605d06-4881-48d3-89ac-faf1f9f4b639,HCPPL/2627/0236,2026-05-30,ARCHIT CORPORATION,RS,9825137600 / 9998521843,Surat,Sales 2,sales2@himalayaerp.com,3,HIMALAYA FRP MHC 600X600 C250 (Qty: 3 SET @ ₹0),0,0,0,0,0,FULLY_PAID,YES,PENDING_ACCEPTANCE,N/A,NORMAL,PP-2627-0236,PENDING_PLANNING,NOT_READY,NOT_DISPATCHED,N/A,N/A,N/A,N/A,N/A,N/A,0,N/A,SENT_TO_PLANT_HEAD
128,7dfff81c-00d1-492c-96e9-dd92b761f030,HCPPL/2627/0072,2026-05-30,"A. SHRIDHAR CORPORATE HOUSE,",MTH,MO : 9824324399,Ahmedabad,SuperSales 1,supersales1@himalayaerp.com,2,HIMALAYA FRP MHC 1000X1000 D400 (Qty: 2 NOS @ ₹27742),55484,9987.12,65471.12,0,65471.12,NOT_DUE,YES,PENDING_ACCEPTANCE,N/A,NORMAL,PP-2627-0072,PENDING_PLANNING,NOT_READY,NOT_DISPATCHED,N/A,N/A,N/A,N/A,N/A,N/A,0,N/A,SENT_TO_PLANT_HEAD
129,5c33cf2f-ce5d-42dc-a109-678e93603884,HCPPL/2627/0185,2026-05-29,SHANNON PROJECTS LLP,JP,6378547433,Ahmedabad,Sales 1,sales1@himalayaerp.com,10,HIMALAYA FRP RCS 750X750 D400 (Qty: 10 SET @ ₹19525),195250,35145,230395,0,230395,NOT_DUE,YES,PENDING_ACCEPTANCE,N/A,NORMAL,PP-2627-0185,PENDING_PLANNING,NOT_READY,NOT_DISPATCHED,N/A,N/A,N/A,N/A,N/A,N/A,0,N/A,SENT_TO_PLANT_HEAD
130,cb1f9d45-464d-43de-93d6-b93d3e6b9ece,HCPPL/2627/0071,2026-05-29,A SHREEDHAR CORPORATE HOUSE,MTH,MO- 9824054368,Ahmedabad,SuperSales 1,supersales1@himalayaerp.com,46,FRPMHCLD 30X30 (Qty: 46 NOS @ ₹2675),123050,22149,145199,0,145199,NOT_DUE,YES,PENDING_ACCEPTANCE,N/A,NORMAL,PP-2627-0071,PENDING_PLANNING,NOT_READY,NOT_DISPATCHED,N/A,N/A,N/A,N/A,N/A,N/A,0,N/A,SENT_TO_PLANT_HEAD
131,6cca6daa-8df7-4804-bed6-f903899502da,HCPPL/2627/0155,2026-05-29,SHREE MOMAI INFRA CONSTRUCTION,TL,84888 11670,Ahmedabad,SuperSales 2,supersales2@himalayaerp.com,27,HIMALAYA FRP WGC 600X600 C250 (Qty: 27 NOS @ ₹6900),186300,33534,219834,0,219834,NOT_DUE,YES,PENDING_ACCEPTANCE,N/A,NORMAL,PP-2627-0155,PENDING_PLANNING,NOT_READY,NOT_DISPATCHED,N/A,N/A,N/A,N/A,N/A,N/A,0,N/A,SENT_TO_PLANT_HEAD
132,37309c17-fbbd-402a-81d5-b56d3302f2db,HCPPL/2627/0186,2026-05-29,SUNRISE TENAMENT,JP,9998594664,Ahmedabad,Sales 1,sales1@himalayaerp.com,2,"HIMALAYA FRP MHC 600X450 LD (Qty: 1 SET @ ₹3640); HIMALAYA FRPDOUBLESEAL MHC 600X600 ELD (Qty: 1 SET @ ₹4170)",7810,1405.8,9215.8,0,9215.8,NOT_DUE,YES,PENDING_ACCEPTANCE,N/A,NORMAL,PP-2627-0186,PENDING_PLANNING,NOT_READY,NOT_DISPATCHED,N/A,N/A,N/A,N/A,N/A,N/A,0,N/A,SENT_TO_PLANT_HEAD
133,56ea4ac1-6d36-47c9-b200-52270e92bd2c,HCPPL/2627/0070,2026-05-29,S.M ENTERPRISE,MTH,HUJAIFA BHAI :  80000 75806,Ahmedabad,SuperSales 1,supersales1@himalayaerp.com,5,"HIMALAYA FRP MHC 600X600 B125 (Qty: 4 NOS @ ₹10300); HIMALAYA FRP WGC 900X900 E600 (Qty: 1 NOS @ ₹31950)",73150,13167,86317,0,86317,NOT_DUE,YES,PENDING_ACCEPTANCE,N/A,NORMAL,PP-2627-0070,PENDING_PLANNING,NOT_READY,NOT_DISPATCHED,N/A,N/A,N/A,N/A,N/A,N/A,0,N/A,SENT_TO_PLANT_HEAD
134,d4f3d654-55c3-4c82-85c0-0939e409755a,HCPPL/2627/0068,2026-05-27,RELIANCE INDUSTRIES LTD.,MTH,MO : 8866281755,Jamnagar,SuperSales 1,supersales1@himalayaerp.com,598,"HIMALAYA FRP MHC 300X300 LD (Qty: 245 NOS @ ₹2200); HIMALAYA FRP MHC 450X450 ELD (Qty: 187 NOS @ ₹4300); HIMALAYA FRP MHC 300X300 LD (Qty: 35 NOS @ ₹2200); HIMALAYA FRP MHC 450X450 ELD (Qty: 20 NOS @ ₹4300); HIMALAYA FRPDOUBLESEAL MHC 600X600 ELD (Qty: 30 NOS @ ₹6950); HIMALAYA FRP MHC 900X900 LD (Qty: 10 NOS @ ₹21850); HIMALAYA FRP MHC 600X600 B125 (Qty: 25 NOS @ ₹10300); HIMALAYA FRP MHC 900X900 C250 (Qty: 15 NOS @ ₹27800); HIMALAYA FRP MHC 1200X1200 B125 (Qty: 10 NOS @ ₹49500); HIMALAYA FRP MHC 600X600 D400 (Qty: 3 NOS @ ₹16200); HIMALAYA FRP MHC 750X750 D400 (Qty: 10 NOS @ ₹25950); HIMALAYA FRP MHC 900X900 C250 (Qty: 3 NOS @ ₹27800); HIMALAYA FRP MHC 1000X1000 D400 (Qty: 3 NOS @ ₹53350); HIMALAYA FRP MHC 1200X1200 D400 (Qty: 2 NOS @ ₹79650)",3813450,686421,4499871,0,4499871,NOT_DUE,YES,PENDING_ACCEPTANCE,N/A,NORMAL,PP-2627-0068,PENDING_PLANNING,NOT_READY,NOT_DISPATCHED,N/A,N/A,N/A,N/A,N/A,N/A,0,N/A,SENT_TO_PLANT_HEAD
135,fee48a26-0cf3-41e5-ae49-58fed91f8c53,HCPPL/2627/0154,2026-05-27,SHREE MOMAI INFRA CONSTRUCTION,TL,84888 11670,Ahmedabad,SuperSales 2,supersales2@himalayaerp.com,15,HIMALAYA FRP WGC 600X600 C250 (Qty: 15 NOS @ ₹6900),103500,18630,122130,0,122130,NOT_DUE,YES,PENDING_ACCEPTANCE,N/A,NORMAL,PP-2627-0154,PENDING_PLANNING,NOT_READY,NOT_DISPATCHED,N/A,N/A,N/A,N/A,N/A,N/A,0,N/A,SENT_TO_PLANT_HEAD
136,6e08adce-365d-44ee-8a87-ad0f08d27293,HCPPL/2627/0256,2026-05-27,ORANGE INFRA,GK,9624659592,Ahmedabad,Sales 4,sales4@himalayaerp.com,28,"FRPMHCELD 12X12 (Qty: 25 SET @ ₹480); FRPMHCELD 28X28 (Qty: 3 SET @ ₹2025)",18075,3253.5,21328.5,0,21328.5,NOT_DUE,YES,PENDING_ACCEPTANCE,N/A,NORMAL,PP-2627-0256,PENDING_PLANNING,NOT_READY,NOT_DISPATCHED,N/A,N/A,N/A,N/A,N/A,N/A,0,N/A,SENT_TO_PLANT_HEAD
137,41d52d38-a8ed-488b-ba9e-5c12da0c036e,HCPPL/2627/0069,2026-05-27,ASIAN CORPORATION,MTH,MO:+91 99860 58518,Bengaluru,SuperSales 1,supersales1@himalayaerp.com,10,HIMALAYA FRP WGC 750X750 D400 (Qty: 10 NOS @ ₹13050),130500,23490,153990,0,153990,NOT_DUE,YES,PENDING_ACCEPTANCE,N/A,NORMAL,PP-2627-0069,PENDING_PLANNING,NOT_READY,NOT_DISPATCHED,N/A,N/A,N/A,N/A,N/A,N/A,0,N/A,SENT_TO_PLANT_HEAD
138,89ab510c-69e1-4cd4-94ed-9f5522ace048,HCPPL/2627/0066,2026-05-26,JAY AMBE,MTH,ROOSHIL BHAI : 9879515722 / 9898423399,Ahmedabad,SuperSales 1,supersales1@himalayaerp.com,3,"HIMALAYA FRP RCS 450X450 B125 (Qty: 1 NOS @ ₹10500); HIMALAYA FRP RCS 600X600 B125 (Qty: 1 NOS @ ₹13400); HIMALAYA FRP RCS 750X750 B125 (Qty: 1 NOS @ ₹19400)",43300,7794,51094,0,51094,NOT_DUE,YES,PENDING_ACCEPTANCE,N/A,NORMAL,PP-2627-0066,PENDING_PLANNING,NOT_READY,NOT_DISPATCHED,N/A,N/A,N/A,N/A,N/A,N/A,0,N/A,SENT_TO_PLANT_HEAD
139,cadd9917-3830-409d-a676-d7d76b0ed552,HCPPL/2627/0184,2026-05-26,UNIQUE INFRASPACE PVT LTD,JP,7984352174,Ahmedabad,Sales 1,sales1@himalayaerp.com,8,FRPMHCLD 28X28 (Qty: 8 SET @ ₹1940),15520,2793.6,18313.6,0,18313.6,NOT_DUE,YES,PENDING_ACCEPTANCE,N/A,NORMAL,PP-2627-0184,PENDING_PLANNING,NOT_READY,NOT_DISPATCHED,N/A,N/A,N/A,N/A,N/A,N/A,0,N/A,SENT_TO_PLANT_HEAD
140,bdc72592-ba5f-447f-9166-98a6f4b2ed86,HCPPL/2627/0067,2026-05-26,TASNEEM ENTERPRISE,MTH,HUSSAIN BHAI : 9940178652,Chennai,SuperSales 1,supersales1@himalayaerp.com,7,"HIMALAYA FRP MHC 1000X1000 ELD (Qty: 1 NOS @ ₹13395); HIMALAYA FRPMHC 900MM DIA D400 (Qty: 1 NOS @ ₹24900); HIMALAYA FRPMHC 900MM DIA C250 (Qty: 5 NOS @ ₹18900)",132795,23903.1,156698.1,0,156698.1,NOT_DUE,YES,PENDING_ACCEPTANCE,N/A,NORMAL,PP-2627-0067,PENDING_PLANNING,NOT_READY,NOT_DISPATCHED,N/A,N/A,N/A,N/A,N/A,N/A,0,N/A,SENT_TO_PLANT_HEAD
141,f222b441-b4fc-470f-88ad-5ebc12fd3580,HCPPL/2627/0065,2026-05-25,MENVOC INFRASTRUCTURE,MTH,MO : 8128859115,Jamnagar,SuperSales 1,supersales1@himalayaerp.com,15,HIMALAYA FRP RCS 600X600 C250 (Qty: 15 NOS @ ₹8500),127500,22950,150450,0,150450,NOT_DUE,YES,PENDING_ACCEPTANCE,N/A,NORMAL,PP-2627-0065,PENDING_PLANNING,NOT_READY,NOT_DISPATCHED,N/A,N/A,N/A,N/A,N/A,N/A,0,N/A,SENT_TO_PLANT_HEAD
142,bec239e3-6860-4de1-8a03-5e320e61a55e,HCPPL/2627/0153,2026-05-25,MAHALAXMI CORPORATION,TL,HITESH BHAI : 7575876516,Ahmedabad,SuperSales 2,supersales2@himalayaerp.com,35,"HIMALAYA FRP MHC 300X300 D400 (Qty: 1 NOS @ ₹4345); HIMALAYA FRP WGC 600X600 D400 (Qty: 2 NOS @ ₹9625); HIMALAYA FRP MHC 600X600 D400 (Qty: 1 NOS @ ₹8910); HIMALAYA FRP RCS 600X600 D400 (Qty: 9 NOS @ ₹12595); HIMALAYA FRP RCS 900X900 D400 (Qty: 3 NOS @ ₹29425); HIMALAYA FRPONGC 385X700 D400 (Qty: 19 NOS @ ₹4895)",327140,58885.2,386025.2,0,386025.2,NOT_DUE,YES,PENDING_ACCEPTANCE,N/A,NORMAL,PP-2627-0153,PENDING_PLANNING,NOT_READY,NOT_DISPATCHED,N/A,N/A,N/A,N/A,N/A,N/A,0,N/A,SENT_TO_PLANT_HEAD
143,925abed2-e742-40bf-8b69-cccf43ce41c9,HCPPL/2627/0235,2026-05-23,ARCHIT CORPORATION,RS,9825137600 / 9998521843,Surat,Sales 2,sales2@himalayaerp.com,4,HIMALAYA FRP WGC 600X900 ELD (Qty: 4 SET @ ₹0),0,0,0,0,0,FULLY_PAID,YES,PENDING_ACCEPTANCE,N/A,NORMAL,PP-2627-0235,PENDING_PLANNING,NOT_READY,NOT_DISPATCHED,N/A,N/A,N/A,N/A,N/A,N/A,0,N/A,SENT_TO_PLANT_HEAD
144,e1015cfe-7674-4b50-be22-ac2955b85ab0,HCPPL/2627/0064,2026-05-23,ASIAN CORPORATION,MTH,MO:+91 99860 58518,Bengaluru,SuperSales 1,supersales1@himalayaerp.com,24,HIMALAYA FRP WGC 600X600 ELD (Qty: 24 NOS @ ₹3600),86400,15552,101952,0,101952,NOT_DUE,YES,PENDING_ACCEPTANCE,N/A,NORMAL,PP-2627-0064,PENDING_PLANNING,NOT_READY,NOT_DISPATCHED,N/A,N/A,N/A,N/A,N/A,N/A,0,N/A,SENT_TO_PLANT_HEAD
145,b055de29-8aeb-48e5-9cd1-f3ad26f41dec,HCPPL/2627/0063,2026-05-22,AUM CERAMICS,MTH,MO : 9898541581 / 9374540753,Ahmedabad,SuperSales 1,supersales1@himalayaerp.com,15,"MHC 1200X900 C250 (Qty: 3 NOS @ ₹44600); HIMALAYA FRP MHC 900X900 B125 (Qty: 2 NOS @ ₹25500); HIMALAYA FRP MHC 900X600 B125 (Qty: 1 NOS @ ₹12950); HIMALAYA FRP MHC 600X600 B125 (Qty: 3 NOS @ ₹10300); HIMALAYA FRP MHC 300X300 B125 (Qty: 6 NOS @ ₹4350)",254750,45855,300605,0,300605,NOT_DUE,YES,PENDING_ACCEPTANCE,N/A,NORMAL,PP-2627-0063,PENDING_PLANNING,NOT_READY,NOT_DISPATCHED,N/A,N/A,N/A,N/A,N/A,N/A,0,N/A,SENT_TO_PLANT_HEAD
146,eb78cb7e-f820-4b36-a8e9-685ea109eb1d,HCPPL/2627/0062,2026-05-22,KHODIYAR FABRICATOR,MTH,84888 11670,Jamnagar,SuperSales 1,supersales1@himalayaerp.com,7,ONGC 600X450 D400 (Qty: 7 NOS @ ₹4933),34531,6215.58,40746.58,0,40746.58,NOT_DUE,YES,PENDING_ACCEPTANCE,N/A,NORMAL,PP-2627-0062,PENDING_PLANNING,NOT_READY,NOT_DISPATCHED,N/A,N/A,N/A,N/A,N/A,N/A,0,N/A,SENT_TO_PLANT_HEAD
147,c54d4bf0-e877-495d-81c5-e89b9e5e73d2,HCPPL/2627/0061,2026-05-22,ACE INFRACON PRODUCTS,MTH,Mo:+91 9979887451,Ahmedabad,SuperSales 1,supersales1@himalayaerp.com,15,FRPMHCELD 21X21 (Qty: 15 NOS @ ₹1740),26100,4698,30798,0,30798,NOT_DUE,YES,PENDING_ACCEPTANCE,N/A,NORMAL,PP-2627-0061,PENDING_PLANNING,NOT_READY,NOT_DISPATCHED,N/A,N/A,N/A,N/A,N/A,N/A,0,N/A,SENT_TO_PLANT_HEAD
148,e44758d8-9978-4098-a55b-fcac3ea917f3,HCPPL/2627/0060,2026-05-21,TASNEEM ENTERPRISE,MTH,HUSSAIN BHAI : 9940178652,Chennai,SuperSales 1,supersales1@himalayaerp.com,55,HIMALAYA FRPONGC 300X700 D400 (Qty: 55 NOS @ ₹7900),434500,78210,512710,0,512710,NOT_DUE,YES,PENDING_ACCEPTANCE,N/A,NORMAL,PP-2627-0060,PENDING_PLANNING,NOT_READY,NOT_DISPATCHED,N/A,N/A,N/A,N/A,N/A,N/A,0,N/A,SENT_TO_PLANT_HEAD
149,c4fadd48-9bcc-4f4a-9a67-73c2637805a5,HCPPL/2627/0059,2026-05-20,TASNEEM ENTERPRISE,MTH,HUSSAIN BHAI : 9940178652,Chennai,SuperSales 1,supersales1@himalayaerp.com,10,HIMALAYA FRP WGC 450X450 C250 (Qty: 10 NOS @ ₹9300),93000,16740,109740,0,109740,NOT_DUE,YES,PENDING_ACCEPTANCE,N/A,NORMAL,PP-2627-0059,PENDING_PLANNING,NOT_READY,NOT_DISPATCHED,N/A,N/A,N/A,N/A,N/A,N/A,0,N/A,SENT_TO_PLANT_HEAD
150,ddbf1ede-36ce-47c0-9030-3d0ba6ca3a83,HCPPL/2627/0255,2026-05-20,FACTORY RETAILS SALES,GK,9624659592,Ahmedabad,Sales 4,sales4@himalayaerp.com,1,HIMALAYA FRPDOUBLESEAL MHC 600X600 ELD (Qty: 1 SET @ ₹5800),5800,1044,6844,0,6844,NOT_DUE,YES,PENDING_ACCEPTANCE,N/A,NORMAL,PP-2627-0255,PENDING_PLANNING,NOT_READY,NOT_DISPATCHED,N/A,N/A,N/A,N/A,N/A,N/A,0,N/A,SENT_TO_PLANT_HEAD
151,1ef0fb74-35c8-41c1-ae77-fe82a1dcfdc5,HCPPL/2627/0058,2026-05-19,BHUMI INFRATECH,MTH,MO : 8530027507,Vadodara,SuperSales 1,supersales1@himalayaerp.com,1,HIMALAYA FRP MHC 900X900 D400 (Qty: 1 NOS @ ₹25080),25080,4514.4,29594.4,0,29594.4,NOT_DUE,YES,PENDING_ACCEPTANCE,N/A,NORMAL,PP-2627-0058,PENDING_PLANNING,NOT_READY,NOT_DISPATCHED,N/A,N/A,N/A,N/A,N/A,N/A,0,N/A,SENT_TO_PLANT_HEAD
152,f0e8a81e-7670-4d76-baa2-54eb73a3c66b,HCPPL/2627/0055,2026-05-18,AARUSHI ASSOCITES,MTH,MO : 7984257085,Gandhinagar,SuperSales 1,supersales1@himalayaerp.com,4,"HIMALAYA FRPDOUBLESEAL MHC 600X600 ELD (Qty: 2 NOS @ ₹4170); HIMALAYA FRP MHC 600X600 C250 (Qty: 1 NOS @ ₹7500); HIMALAYA FRP MHC 900X900 LD (Qty: 1 NOS @ ₹10140)",25980,4676.4,30656.4,0,30656.4,NOT_DUE,YES,PENDING_ACCEPTANCE,N/A,NORMAL,PP-2627-0055,PENDING_PLANNING,NOT_READY,NOT_DISPATCHED,N/A,N/A,N/A,N/A,N/A,N/A,0,N/A,SENT_TO_PLANT_HEAD
153,5013b65d-65d3-48a9-9de4-c146bbb6fc4f,HCPPL/2627/0234,2026-05-18,ARCHIT CORPORATION,RS,9825137600 / 9998521843,Surat,Sales 2,sales2@himalayaerp.com,29,HIMALAYA FRP WGC 450X450 C250 (Qty: 29 SET @ ₹4464),129456,23302.08,152758.08,0,152758.08,NOT_DUE,YES,PENDING_ACCEPTANCE,N/A,NORMAL,PP-2627-0234,PENDING_PLANNING,NOT_READY,NOT_DISPATCHED,N/A,N/A,N/A,N/A,N/A,N/A,0,N/A,SENT_TO_PLANT_HEAD
154,b097a165-8ce2-431a-994f-9e1a3685bb60,HCPPL/2627/0057,2026-05-18,PSP PROJECTS LIMITED,MTH,MO : 79 26936200 / 79 26936500 / 8347144709,Ahmedabad,SuperSales 1,supersales1@himalayaerp.com,4,HIMALAYA FRP RCS 450X450 ELD (Qty: 4 NOS @ ₹4371),17484,3147.12,20631.12,0,20631.12,NOT_DUE,YES,PENDING_ACCEPTANCE,N/A,NORMAL,PP-2627-0057,PENDING_PLANNING,NOT_READY,NOT_DISPATCHED,N/A,N/A,N/A,N/A,N/A,N/A,0,N/A,SENT_TO_PLANT_HEAD
155,49e0fd3f-1d65-4f7d-8de9-ee8ba9718c1c,HCPPL/2627/0056,2026-05-18,MIDAS INFRACON PRIVATE LIMITED,MTH,MO: +91 78741 4009,Jamnagar,SuperSales 1,supersales1@himalayaerp.com,215,HIMALAYA FRPONGC 300X700 B125 (Qty: 215 NOS @ ₹1595),342925,61726.5,404651.5,0,404651.5,NOT_DUE,YES,PENDING_ACCEPTANCE,N/A,NORMAL,PP-2627-0056,PENDING_PLANNING,NOT_READY,NOT_DISPATCHED,N/A,N/A,N/A,N/A,N/A,N/A,0,N/A,SENT_TO_PLANT_HEAD
156,ee32648e-cf6f-4872-a237-6aa0832d4441,HCPPL/2627/0054,2026-05-16,FAKHRI ENTERPRISE,MTH,MO : 9033224617,Ahmedabad,SuperSales 1,supersales1@himalayaerp.com,17,"HIMALAYA FRP RCS 600X600 B125 (Qty: 11 NOS @ ₹13850); HIMALAYA FRP RCS 750X750 B125 (Qty: 1 NOS @ ₹22200); HIMALAYA FRP RCS 450X450 B125 (Qty: 2 NOS @ ₹10500); HIMALAYA FRP RCS 300X300 B125 (Qty: 3 NOS @ ₹6250)",214300,38574,252874,0,252874,NOT_DUE,YES,PENDING_ACCEPTANCE,N/A,NORMAL,PP-2627-0054,PENDING_PLANNING,NOT_READY,NOT_DISPATCHED,N/A,N/A,N/A,N/A,N/A,N/A,0,N/A,SENT_TO_PLANT_HEAD
157,e1172e25-296a-4af7-aba6-64c85c2f66e8,HCPPL/2627/0233,2026-05-15,RAJHANS INFRACONE INDIA PVT LTD,RS,990497776,Surat,Sales 2,sales2@himalayaerp.com,5,HIMALAYA FRP MHC 600X450 LD (Qty: 5 SET @ ₹3600),18000,3240,21240,0,21240,NOT_DUE,YES,PENDING_ACCEPTANCE,N/A,NORMAL,PP-2627-0233,PENDING_PLANNING,NOT_READY,NOT_DISPATCHED,N/A,N/A,N/A,N/A,N/A,N/A,0,N/A,SENT_TO_PLANT_HEAD
158,cb5ded9a-73fd-4026-9407-9365f366290c,HCPPL/2627/0053,2026-05-15,A SHRIDHAR GROUP,MTH,MO : 7878715808,Ahmedabad,SuperSales 1,supersales1@himalayaerp.com,22,"HIMALAYA FRP MHC 900X900 D400 (Qty: 17 NOS @ ₹24000); HIMALAYA FRP MHC 600X600 D400 (Qty: 5 NOS @ ₹9300)",454500,81810,536310,0,536310,NOT_DUE,YES,PENDING_ACCEPTANCE,N/A,NORMAL,PP-2627-0053,PENDING_PLANNING,NOT_READY,NOT_DISPATCHED,N/A,N/A,N/A,N/A,N/A,N/A,0,N/A,SENT_TO_PLANT_HEAD
159,8b3a0b86-d4c2-40dd-8d96-bd2c7128ddea,HCPPL/2627/0052,2026-05-13,P DAS INFRASTRUCTURE PVT LTD,MTH,MO : 9925163598,Ahmedabad,SuperSales 1,supersales1@himalayaerp.com,73,"HIMALAYA FRP MHC 1200X1200 ELD (Qty: 7 NOS @ ₹21714); HIMALAYA FRP MHC 1200X1200 ELD (Qty: 15 NOS @ ₹21714); FRPMHCLD 1800X1800 (Qty: 9 NOS @ ₹36010); HIMALAYA FRP MHC 1000X1000 ELD (Qty: 32 NOS @ ₹14946); HIMALAYA FRP MHC 1500X1500 ELD (Qty: 8 NOS @ ₹23100); HIMALAYA FRP MHC 1500X1500 ELD (Qty: 2 NOS @ ₹23100)",1511070,271992.6,1783062.6,0,1783062.6,NOT_DUE,YES,PENDING_ACCEPTANCE,N/A,NORMAL,PP-2627-0052,PENDING_PLANNING,NOT_READY,NOT_DISPATCHED,N/A,N/A,N/A,N/A,N/A,N/A,0,N/A,SENT_TO_PLANT_HEAD
160,38da3815-144d-4c3d-b971-781d354ea354,HCPPL/2627/0051,2026-05-12,RAMYA PROJECTS PVT LTD,MTH,MO : 8734824054 /  9712505753,Ahmedabad,SuperSales 1,supersales1@himalayaerp.com,4,"HIMALAYA FRP RCS 600X600 C250 (Qty: 2 NOS @ ₹8600); HIMALAYA FRP RCS 600X600 ELD (Qty: 1 NOS @ ₹5790); HIMALAYA FRP MHC 900X900 D400 (Qty: 1 NOS @ ₹22990)",45980,8276.4,54256.4,0,54256.4,NOT_DUE,YES,PENDING_ACCEPTANCE,N/A,NORMAL,PP-2627-0051,PENDING_PLANNING,NOT_READY,NOT_DISPATCHED,N/A,N/A,N/A,N/A,N/A,N/A,0,N/A,SENT_TO_PLANT_HEAD
161,e54aa8eb-65bc-42fa-995b-cd7a549a0dc1,HCPPL/2627/0232,2026-05-12,ARCHIT CORPORATION,RS,9825137600 / 9998521843,Surat,Sales 2,sales2@himalayaerp.com,18,"HIMALAYA FRP MHC 600X600 C250 (Qty: 13 SET @ ₹6000); HIMALAYA FRP WGC 600X600 C250 (Qty: 5 SET @ ₹8400)",120000,21600,141600,0,141600,NOT_DUE,YES,PENDING_ACCEPTANCE,N/A,NORMAL,PP-2627-0232,PENDING_PLANNING,NOT_READY,NOT_DISPATCHED,N/A,N/A,N/A,N/A,N/A,N/A,0,N/A,SENT_TO_PLANT_HEAD
162,df12e8de-de3a-48a7-bcbf-13291b0a23fa,HCPPL/2627/0046,2026-05-07,PSP PROJECTS LIMITED,MTH,MO : 79 26936200 / 79 26936500 / 8347144709,Ahmedabad,SuperSales 1,supersales1@himalayaerp.com,18,HIMALAYA FRPDOUBLESEAL MHC 600X600 ELD (Qty: 18 NOS @ ₹5289),95202,17136.36,112338.36,0,112338.36,NOT_DUE,YES,PENDING_ACCEPTANCE,N/A,NORMAL,PP-2627-0046,PENDING_PLANNING,NOT_READY,NOT_DISPATCHED,N/A,N/A,N/A,N/A,N/A,N/A,0,N/A,SENT_TO_PLANT_HEAD
163,6cfad747-5abe-43cb-ba08-ffd21294d078,HCPPL/2627/0183,2026-05-07,AADINATH INFRASTRUCTURE,JP,9099095962,Ahmedabad,Sales 1,sales1@himalayaerp.com,7,"HIMALAYA FRP RCS 450X450 ELD (Qty: 2 SET @ ₹4770); HIMALAYA FRP RCS 450X450 B125 (Qty: 1 SET @ ₹6180); HIMALAYA FRP RCS 600X600 B125 (Qty: 3 SET @ ₹7860); HIMALAYA FRP RCS 750X750 B125 (Qty: 1 SET @ ₹12720)",52020,9363.6,61383.6,0,61383.6,NOT_DUE,YES,PENDING_ACCEPTANCE,N/A,NORMAL,PP-2627-0183,PENDING_PLANNING,NOT_READY,NOT_DISPATCHED,N/A,N/A,N/A,N/A,N/A,N/A,0,N/A,SENT_TO_PLANT_HEAD
164,f9b8fc88-b3cc-413c-917b-622ff24d6315,HCPPL/2627/0044,2026-05-07,A SHRIDHAR GROUP,MTH,MO : 9158044419,Ahmedabad,SuperSales 1,supersales1@himalayaerp.com,1,HIMALAYA FRP MHC 1200X1200 B125 (Qty: 1 NOS @ ₹28325),28325,5098.5,33423.5,0,33423.5,NOT_DUE,YES,PENDING_ACCEPTANCE,N/A,NORMAL,PP-2627-0044,PENDING_PLANNING,NOT_READY,NOT_DISPATCHED,N/A,N/A,N/A,N/A,N/A,N/A,0,N/A,SENT_TO_PLANT_HEAD
165,31d114a2-c1a1-4a04-a766-80eaeaba8acd,HCPPL/2627/0045,2026-05-07,TASNEEM ENTERPRISE,MTH,HUSSAIN BHAI : 9940178652,Chennai,SuperSales 1,supersales1@himalayaerp.com,51,"HIMALAYA FRP MHC 1200X1200 ELD (Qty: 1 NOS @ ₹38500); HIMALAYA FRP MHC 300X300 B125 (Qty: 10 NOS @ ₹4350); HIMALAYA FRP MHC 450X450 B125 (Qty: 10 NOS @ ₹8600); HIMALAYA FRP MHC 600X600 B125 (Qty: 15 NOS @ ₹10300); HIMALAYA FRP MHC 300X300 C250 (Qty: 10 NOS @ ₹5450); HIMALAYA FRP MHC 600X600 C250 (Qty: 5 NOS @ ₹12500)",439500,79110,518610,0,518610,NOT_DUE,YES,PENDING_ACCEPTANCE,N/A,NORMAL,PP-2627-0045,PENDING_PLANNING,NOT_READY,NOT_DISPATCHED,N/A,N/A,N/A,N/A,N/A,N/A,0,N/A,SENT_TO_PLANT_HEAD
166,521bea4e-5398-4331-9322-fc7f077dbb59,HCPPL/2627/0047,2026-05-07,PSP PROJECTS LIMITED,MTH,"MO : 7926936200,9033248817",Ahmedabad,SuperSales 1,supersales1@himalayaerp.com,1,HIMALAYA FRP WGC 750X750 D400 (Qty: 1 NOS @ ₹6638),6638,1194.84,7832.84,0,7832.84,NOT_DUE,YES,PENDING_ACCEPTANCE,N/A,NORMAL,PP-2627-0047,PENDING_PLANNING,NOT_READY,NOT_DISPATCHED,N/A,N/A,N/A,N/A,N/A,N/A,0,N/A,SENT_TO_PLANT_HEAD
167,fee0d864-7277-4766-89ec-5b3c184d5c4a,HCPPL/2627/0049,2026-05-07,SCAC CONSTRUCTION,MTH,MO : 9106474296,Jamnagar,SuperSales 1,supersales1@himalayaerp.com,68,"HIMALAYA FRP MHC 450X450 ELD (Qty: 30 NOS @ ₹4600); HIMALAYA FRPDOUBLESEAL MHC 600X600 ELD (Qty: 30 NOS @ ₹6950); HIMALAYA FRP WGC 600X600 ELD (Qty: 8 NOS @ ₹8000)",410500,73890,484390,0,484390,NOT_DUE,YES,PENDING_ACCEPTANCE,N/A,NORMAL,PP-2627-0049,PENDING_PLANNING,NOT_READY,NOT_DISPATCHED,N/A,N/A,N/A,N/A,N/A,N/A,0,N/A,SENT_TO_PLANT_HEAD
168,22b6146c-7751-4e57-92b4-8eaa229aac7d,HCPPL/2627/0050,2026-05-07,PRATHAM ENTERPRISE,MTH,M - 9429505020,Surat,SuperSales 1,supersales1@himalayaerp.com,11,"HIMALAYA FRP RCS 600X600 B125 (Qty: 10 NOS @ ₹100); HIMALAYA FRP RCS 600X600 ELD (Qty: 1 NOS @ ₹100)",1100,198,1298,0,1298,NOT_DUE,YES,PENDING_ACCEPTANCE,N/A,NORMAL,PP-2627-0050,PENDING_PLANNING,NOT_READY,NOT_DISPATCHED,N/A,N/A,N/A,N/A,N/A,N/A,0,N/A,SENT_TO_PLANT_HEAD
169,9b98358e-6473-4ff2-b03d-7104dbff9d75,HCPPL/2627/0240,2026-05-06,ARCHIT CORPORATION,RS,9825137600 / 9998521843,Surat,Sales 2,sales2@himalayaerp.com,11,"HIMALAYA FRP MHC 1000X1000 C250 (Qty: 5 SET @ ₹19752); HIMALAYA FRP MHC 600X600 C250 (Qty: 3 SET @ ₹6000); HIMALAYA FRP MHC 600X600 D400 (Qty: 1 SET @ ₹7776); FRPMHCLD 15X15 (Qty: 2 SET @ ₹407)",125350,22563,147913,0,147913,NOT_DUE,YES,PENDING_ACCEPTANCE,N/A,NORMAL,PP-2627-0240,PENDING_PLANNING,NOT_READY,NOT_DISPATCHED,N/A,N/A,N/A,N/A,N/A,N/A,0,N/A,SENT_TO_PLANT_HEAD
170,814301a5-fc4b-47a6-8d8f-bc0b54963bd6,HCPPL/2627/0078,2026-05-06,JAY AMBE,MTH,mo:91 98984 23399,Ahmedabad,SuperSales 1,supersales1@himalayaerp.com,16,HIMALAYA FRP WGC 600X900 ELD (Qty: 16 NOS @ ₹9250),148000,26640,174640,0,174640,NOT_DUE,YES,PENDING_ACCEPTANCE,N/A,NORMAL,PP-2627-0078,PENDING_PLANNING,NOT_READY,NOT_DISPATCHED,N/A,N/A,N/A,N/A,N/A,N/A,0,N/A,SENT_TO_PLANT_HEAD
171,dc7004d2-a2f5-4d42-b61c-dca299e95ad6,HCPPL/2627/0076,2026-05-06,MECHWELD INFRACON PVT LTD,MTH,MO : 9737470430,Vadodara,SuperSales 1,supersales1@himalayaerp.com,20,HIMALAYA FRP MHC 600X600 D400 (Qty: 20 NOS @ ₹9720),194400,34992,229392,0,229392,NOT_DUE,YES,PENDING_ACCEPTANCE,N/A,NORMAL,PP-2627-0076,PENDING_PLANNING,NOT_READY,NOT_DISPATCHED,N/A,N/A,N/A,N/A,N/A,N/A,0,N/A,SENT_TO_PLANT_HEAD
172,f00c8abb-194b-4e0e-8b41-3a3cf8a9824d,HCPPL/2627/0048,2026-05-06,JAY AMBE,MTH,mo:91 98984 23399,Ahmedabad,SuperSales 1,supersales1@himalayaerp.com,19,"FRPMHCLD 28X28 (Qty: 10 NOS @ ₹2895); HIMALAYA FRP MHC 750X750 C250 (Qty: 8 NOS @ ₹17500); HIMALAYA FRP MHC 900X900 C250 (Qty: 1 NOS @ ₹29800)",198750,35775,234525,0,234525,NOT_DUE,YES,PENDING_ACCEPTANCE,N/A,NORMAL,PP-2627-0048,PENDING_PLANNING,NOT_READY,NOT_DISPATCHED,N/A,N/A,N/A,N/A,N/A,N/A,0,N/A,SENT_TO_PLANT_HEAD
173,d0bd4708-2599-4f13-934a-5dbab31231ac,HCPPL/2627/0231,2026-05-05,RV BUILDCON,RS,6353178881,Ahmedabad,Sales 2,sales2@himalayaerp.com,38,"HIMALAYA FRP WGC 300X300 B125 (Qty: 18 SET @ ₹0); HIMALAYA FRP MHC 750X750 B125 (Qty: 16 SET @ ₹6800); HIMALAYA FRP MHC 900X900 LD (Qty: 4 SET @ ₹12018)",156872,28236.96,185108.96,0,185108.96,NOT_DUE,YES,PENDING_ACCEPTANCE,N/A,NORMAL,PP-2627-0231,PENDING_PLANNING,NOT_READY,NOT_DISPATCHED,N/A,N/A,N/A,N/A,N/A,N/A,0,N/A,SENT_TO_PLANT_HEAD
174,6cb62010-8e7f-4993-8ca6-978b1e2f552f,HCPPL/2627/0178,2026-05-04,DEVANSHI ENTERPRISE,JP,8401998886,Ahmedabad,Sales 1,sales1@himalayaerp.com,5,FRPMHCLD 28X28 (Qty: 5 SET @ ₹1880),9400,1692,11092,0,11092,NOT_DUE,YES,PENDING_ACCEPTANCE,N/A,NORMAL,PP-2627-0178,PENDING_PLANNING,NOT_READY,NOT_DISPATCHED,N/A,N/A,N/A,N/A,N/A,N/A,0,N/A,SENT_TO_PLANT_HEAD
175,2063495a-00bc-46c9-9218-aeddb8e4ad52,HCPPL/2627/0043,2026-05-02,JAY AMBE,MTH,ROOSHIL BHAI : 9879515722 / 9898423399,Ahmedabad,SuperSales 1,supersales1@himalayaerp.com,12,HIMALAYA FRPDOUBLESEAL MHC 600X600 ELD (Qty: 12 NOS @ ₹6950),83400,15012,98412,0,98412,NOT_DUE,YES,PENDING_ACCEPTANCE,N/A,NORMAL,PP-2627-0043,PENDING_PLANNING,NOT_READY,NOT_DISPATCHED,N/A,N/A,N/A,N/A,N/A,N/A,0,N/A,SENT_TO_PLANT_HEAD
176,538dd5ce-c61e-4db9-9d0e-5f898cc56de7,HCPPL/2627/0041,2026-05-02,BRICKSTONE CONSTRUCTION,MTH,84888 11670,Ahmedabad,SuperSales 1,supersales1@himalayaerp.com,1,FRPMHCELD 24X24 (Qty: 1 NOS @ ₹1690),1690,304.2,1994.2,0,1994.2,NOT_DUE,YES,PENDING_ACCEPTANCE,N/A,NORMAL,PP-2627-0041,PENDING_PLANNING,NOT_READY,NOT_DISPATCHED,N/A,N/A,N/A,N/A,N/A,N/A,0,N/A,SENT_TO_PLANT_HEAD
177,f37c3f3f-40e1-4f36-b02c-f0b34ea9a733,HCPPL/2627/0176,2026-05-02,AARNA INFRA,JP,7600947494,Gandhinagar,Sales 1,sales1@himalayaerp.com,1,HIMALAYA FRP MHC 900X900 C250 (Qty: 1 SET @ ₹16500),16500,2970,19470,0,19470,NOT_DUE,YES,PENDING_ACCEPTANCE,N/A,NORMAL,PP-2627-0176,PENDING_PLANNING,NOT_READY,NOT_DISPATCHED,N/A,N/A,N/A,N/A,N/A,N/A,0,N/A,SENT_TO_PLANT_HEAD
178,7df0f403-bb62-4240-a91f-b4384385a645,HCPPL/2627/0177,2026-05-02,BRICKSTONE CONSTRUCTION,JP,97120990904,Ahmedabad,Sales 1,sales1@himalayaerp.com,1,FRPMHCLD 24X24 (Qty: 1 SET @ ₹1690),1690,304.2,1994.2,0,1994.2,NOT_DUE,YES,PENDING_ACCEPTANCE,N/A,NORMAL,PP-2627-0177,PENDING_PLANNING,NOT_READY,NOT_DISPATCHED,N/A,N/A,N/A,N/A,N/A,N/A,0,N/A,SENT_TO_PLANT_HEAD
179,c1bf16aa-8481-4332-9597-564e67230d33,HCPPL/2627/0042,2026-05-02,"A.SHRIDHAR CORPORATE HOUSE,NEAR",MTH,"NARENDRA BHAI : 9099933871
ACCOUNT : 9313804243",Ahmedabad,SuperSales 1,supersales1@himalayaerp.com,2,HIMALAYA FRP MHC 600X600 D400 (Qty: 2 NOS @ ₹8910),17820,3207.6,21027.6,0,21027.6,NOT_DUE,YES,PENDING_ACCEPTANCE,N/A,NORMAL,PP-2627-0042,PENDING_PLANNING,NOT_READY,NOT_DISPATCHED,N/A,N/A,N/A,N/A,N/A,N/A,0,N/A,SENT_TO_PLANT_HEAD
180,c01e4bc4-a72d-43a9-abb9-f0227be6b416,HCPPL/2627/0246,2026-05-01,AZARO CONSTRUCTION,RT,MO:9825751718,Ahmedabad,Sales 3,sales3@himalayaerp.com,25,"FRPMHCELD 28X28 (Qty: 15 SET @ ₹1852); FRPMHCELD 10X10 (Qty: 10 SET @ ₹370)",31480,5666.4,37146.4,0,37146.4,NOT_DUE,YES,PENDING_ACCEPTANCE,N/A,NORMAL,PP-2627-0246,PENDING_PLANNING,NOT_READY,NOT_DISPATCHED,N/A,N/A,N/A,N/A,N/A,N/A,0,N/A,SENT_TO_PLANT_HEAD
181,1749e902-092f-4ccc-9640-30b349e10d4a,HCPPL/2627/0152,2026-05-01,VISHAN REAL ESTATE PVT LTD,TL,MO : 9998184929,Ahmedabad,SuperSales 2,supersales2@himalayaerp.com,1,FRPMHCELD 12X12 (Qty: 1 NOS @ ₹480),480,86.4,566.4,0,566.4,NOT_DUE,YES,PENDING_ACCEPTANCE,N/A,NORMAL,PP-2627-0152,PENDING_PLANNING,NOT_READY,NOT_DISPATCHED,N/A,N/A,N/A,N/A,N/A,N/A,0,N/A,SENT_TO_PLANT_HEAD
182,9938b8d9-74f3-4946-a6db-9148c60ce1b4,HCPPL/2627/0151,2026-05-01,D.D RETAILS SALES,TL,84888 11670,Ahmedabad,SuperSales 2,supersales2@himalayaerp.com,1,HIMALAYA FRP MHC 450X450 ELD (Qty: 1 NOS @ ₹2245),2245,404.1,2649.1,0,2649.1,NOT_DUE,YES,PENDING_ACCEPTANCE,N/A,NORMAL,PP-2627-0151,PENDING_PLANNING,NOT_READY,NOT_DISPATCHED,N/A,N/A,N/A,N/A,N/A,N/A,0,N/A,SENT_TO_PLANT_HEAD
183,f4cec9c8-7368-4397-9b65-e2e1cc637814,HCPPL/2627/0179,2026-04-29,RAJSHREE DEVELOPERS,JP,6357350999,Ahmedabad,Sales 1,sales1@himalayaerp.com,1,FRPMHCLD 28X28 (Qty: 1 SET @ ₹1350),1350,243,1593,0,1593,NOT_DUE,YES,PENDING_ACCEPTANCE,N/A,NORMAL,PP-2627-0179,PENDING_PLANNING,NOT_READY,NOT_DISPATCHED,N/A,N/A,N/A,N/A,N/A,N/A,0,N/A,SENT_TO_PLANT_HEAD
184,76ff3d77-edf2-4261-abac-3daa11bdf754,HCPPL/2627/0180,2026-04-29,SIDDH BUILDCON,JP,9898121698,Ahmedabad,Sales 1,sales1@himalayaerp.com,51,"FRPMHCELD 10X10 (Qty: 15 SET @ ₹383); FRPMHCELD 12X12 (Qty: 1 SET @ ₹877); FRPMHCELD 18X18 (Qty: 13 SET @ ₹409); FRPMHCELD 18X24 (Qty: 22 SET @ ₹930)",32399,5831.82,38230.82,0,38230.82,NOT_DUE,YES,PENDING_ACCEPTANCE,N/A,NORMAL,PP-2627-0180,PENDING_PLANNING,NOT_READY,NOT_DISPATCHED,N/A,N/A,N/A,N/A,N/A,N/A,0,N/A,SENT_TO_PLANT_HEAD
185,6ec6c302-d125-407a-a51f-2a9f5b42a11b,HCPPL/2627/0036,2026-04-29,RATNANJALI SKYLINE LLP,MTH,MO : 9558220040,Ahmedabad,SuperSales 1,supersales1@himalayaerp.com,20,FRPMHCLD 30X30 (Qty: 20 NOS @ ₹2000),40000,7200,47200,0,47200,NOT_DUE,YES,PENDING_ACCEPTANCE,N/A,NORMAL,PP-2627-0036,PENDING_PLANNING,NOT_READY,NOT_DISPATCHED,N/A,N/A,N/A,N/A,N/A,N/A,0,N/A,SENT_TO_PLANT_HEAD
186,da5d9df1-59e8-4c18-aa20-174adbb9ec72,HCPPL/2627/0040,2026-04-29,RATNANJALI SKYLINE LLP,MTH,MO : 9558220040,Ahmedabad,SuperSales 1,supersales1@himalayaerp.com,20,FRPMHCLD 30X30 (Qty: 20 NOS @ ₹2000),40000,7200,47200,0,47200,NOT_DUE,YES,PENDING_ACCEPTANCE,N/A,NORMAL,PP-2627-0040,PENDING_PLANNING,NOT_READY,NOT_DISPATCHED,N/A,N/A,N/A,N/A,N/A,N/A,0,N/A,SENT_TO_PLANT_HEAD
187,63e7a7bb-b1d1-495e-a056-90187aadbed9,HCPPL/2627/0182,2026-04-28,DEVANSHI ENTERPRISE,JP,8401998886,Ahmedabad,Sales 1,sales1@himalayaerp.com,9,"FRPMHCELD 12X12 (Qty: 8 SET @ ₹410); HIMALAYA FRP MHC 600X600 B125 (Qty: 1 SET @ ₹6180)",9460,1702.8,11162.8,0,11162.8,NOT_DUE,YES,PENDING_ACCEPTANCE,N/A,NORMAL,PP-2627-0182,PENDING_PLANNING,NOT_READY,NOT_DISPATCHED,N/A,N/A,N/A,N/A,N/A,N/A,0,N/A,SENT_TO_PLANT_HEAD
188,2219a8fd-24c9-4f81-9bdf-50142f3f9b62,HCPPL/2627/0039,2026-04-28,JAY AMBE,MTH,mo:91 98984 23399,Ahmedabad,SuperSales 1,supersales1@himalayaerp.com,6,"HIMALAYA FRP RCS 450X450 LD (Qty: 3 NOS @ ₹8950); HIMALAYA FRP RCS 750X750 ELD (Qty: 3 NOS @ ₹18200)",81450,14661,96111,0,96111,NOT_DUE,YES,PENDING_ACCEPTANCE,N/A,NORMAL,PP-2627-0039,PENDING_PLANNING,NOT_READY,NOT_DISPATCHED,N/A,N/A,N/A,N/A,N/A,N/A,0,N/A,SENT_TO_PLANT_HEAD
189,bdfbd5cb-3e93-4581-8246-6b263bd90fb8,HCPPL/2627/0038,2026-04-28,JAY AMBE,MTH,ROOSHIL BHAI : 9879515722 / 9898423399,Ahmedabad,SuperSales 1,supersales1@himalayaerp.com,3,HIMALAYA FRP RCS 600X600 ELD (Qty: 3 NOS @ ₹10450),31350,5643,36993,0,36993,NOT_DUE,YES,PENDING_ACCEPTANCE,N/A,NORMAL,PP-2627-0038,PENDING_PLANNING,NOT_READY,NOT_DISPATCHED,N/A,N/A,N/A,N/A,N/A,N/A,0,N/A,SENT_TO_PLANT_HEAD
190,cea97106-bbf5-453d-8a78-326d70ddcb4a,HCPPL/2627/0037,2026-04-28,JAY AMBE,MTH,mo:91 98984 23399,Ahmedabad,SuperSales 1,supersales1@himalayaerp.com,13,"FRPMHCELD 21X21 (Qty: 3 NOS @ ₹1740); FRPMHCELD 36X36 (Qty: 7 NOS @ ₹6250); HIMALAYA FRP RCS 300X300 ELD (Qty: 3 NOS @ ₹5350)",65020,11703.6,76723.6,0,76723.6,NOT_DUE,YES,PENDING_ACCEPTANCE,N/A,NORMAL,PP-2627-0037,PENDING_PLANNING,NOT_READY,NOT_DISPATCHED,N/A,N/A,N/A,N/A,N/A,N/A,0,N/A,SENT_TO_PLANT_HEAD
191,9df8c036-5cbf-4169-aa5d-4827c1f9a850,HCPPL/2627/0035,2026-04-28,JAY AMBE,MTH,mo:91 98984 23399,Ahmedabad,SuperSales 1,supersales1@himalayaerp.com,6,"HIMALAYA FRP RCS 450X450 LD (Qty: 3 NOS @ ₹8950); HIMALAYA FRP RCS 750X750 ELD (Qty: 3 NOS @ ₹18200)",81450,14661,96111,0,96111,NOT_DUE,YES,PENDING_ACCEPTANCE,N/A,NORMAL,PP-2627-0035,PENDING_PLANNING,NOT_READY,NOT_DISPATCHED,N/A,N/A,N/A,N/A,N/A,N/A,0,N/A,SENT_TO_PLANT_HEAD
192,e68273a9-7ad0-49b7-9d4c-0b9e40588974,HCPPL/2627/0033,2026-04-28,JAY AMBE,MTH,mo:91 98984 23399,Ahmedabad,SuperSales 1,supersales1@himalayaerp.com,20,"FRPMHCELD 15X15 (Qty: 7 NOS @ ₹790); FRPMHCELD 21X21 (Qty: 3 NOS @ ₹1740); FRPMHCELD 36X36 (Qty: 7 NOS @ ₹6250); HIMALAYA FRP RCS 300X300 ELD (Qty: 3 NOS @ ₹5350)",70550,12699,83249,0,83249,NOT_DUE,YES,PENDING_ACCEPTANCE,N/A,NORMAL,PP-2627-0033,PENDING_PLANNING,NOT_READY,NOT_DISPATCHED,N/A,N/A,N/A,N/A,N/A,N/A,0,N/A,SENT_TO_PLANT_HEAD
193,221f0775-9be9-4d40-a55e-155e60ad6e8c,HCPPL/2627/0032,2026-04-28,A SHRIDHAR GROUP,MTH,MO : 9158044419,Ahmedabad,SuperSales 1,supersales1@himalayaerp.com,14,"HIMALAYA FRPONGC 600X600 D400 (Qty: 13 NOS @ ₹9390); HIMALAYA FRP ONGC 600X260 D400 (Qty: 1 NOS @ ₹7440)",129510,23311.8,152821.8,0,152821.8,NOT_DUE,YES,PENDING_ACCEPTANCE,N/A,NORMAL,PP-2627-0032,PENDING_PLANNING,NOT_READY,NOT_DISPATCHED,N/A,N/A,N/A,N/A,N/A,N/A,0,N/A,SENT_TO_PLANT_HEAD
194,72b42fbe-8e01-40ec-a86f-8473950f6e76,HCPPL/2627/0031,2026-04-28,ASIAN CORPORATION,MTH,MO:+91 99860 58518,Bengaluru,SuperSales 1,supersales1@himalayaerp.com,24,"HIMALAYA FRP MHC 750X750 C250 (Qty: 11 NOS @ ₹13050); HIMALAYA FRP MHC 1000X1000 C250 (Qty: 13 NOS @ ₹18517)",384271,69168.78,453439.78,0,453439.78,NOT_DUE,YES,PENDING_ACCEPTANCE,N/A,NORMAL,PP-2627-0031,PENDING_PLANNING,NOT_READY,NOT_DISPATCHED,N/A,N/A,N/A,N/A,N/A,N/A,0,N/A,SENT_TO_PLANT_HEAD
195,ac00d0cb-2675-4705-bb8a-609c8b6a4615,HCPPL/2627/0034,2026-04-28,JAY AMBE,MTH,ROOSHIL BHAI : 9879515722 / 9898423399,Ahmedabad,SuperSales 1,supersales1@himalayaerp.com,3,HIMALAYA FRP RCS 600X600 ELD (Qty: 3 NOS @ ₹10450),31350,5643,36993,0,36993,NOT_DUE,YES,PENDING_ACCEPTANCE,N/A,NORMAL,PP-2627-0034,PENDING_PLANNING,NOT_READY,NOT_DISPATCHED,N/A,N/A,N/A,N/A,N/A,N/A,0,N/A,SENT_TO_PLANT_HEAD
196,cda8ef02-cecb-4dad-961c-ec2cb1d6138d,HCPPL/2627/0181,2026-04-28,SHYAM INFRA,JP,9723800756,Ahmedabad,Sales 1,sales1@himalayaerp.com,4,FRPMHCELD 28X28 (Qty: 4 SET @ ₹6000),24000,4320,28320,0,28320,NOT_DUE,YES,PENDING_ACCEPTANCE,N/A,NORMAL,PP-2627-0181,PENDING_PLANNING,NOT_READY,NOT_DISPATCHED,N/A,N/A,N/A,N/A,N/A,N/A,0,N/A,SENT_TO_PLANT_HEAD
197,c6bca98e-72fd-4884-85bb-3e8a5aad0867,HCPPL/2627/0029,2026-04-27,MAHALAXMI CORPORATION,MTH,HITESH BHAI : 7575876516,Ahmedabad,SuperSales 1,supersales1@himalayaerp.com,29,"FRPMHCLD 28X28 (Qty: 4 NOS @ ₹1450); HIMALAYA FRP RCS 300X300 D400 (Qty: 1 NOS @ ₹4345); HIMALAYA FRP WGC 600X600 D400 (Qty: 2 NOS @ ₹9625); HIMALAYA FRP MHC 600X600 D400 (Qty: 7 NOS @ ₹8910); HIMALAYA FRP RCS 600X600 D400 (Qty: 9 NOS @ ₹12595); HIMALAYA FRP MHC 600X450 D400 (Qty: 3 NOS @ ₹7315); HIMALAYA FRP RCS 900X900 D400 (Qty: 3 NOS @ ₹29425)",315340,56761.2,372101.2,0,372101.2,NOT_DUE,YES,PENDING_ACCEPTANCE,N/A,NORMAL,PP-2627-0029,PENDING_PLANNING,NOT_READY,NOT_DISPATCHED,N/A,N/A,N/A,N/A,N/A,N/A,0,N/A,SENT_TO_PLANT_HEAD
198,7344a87b-2a83-414e-abcf-7579b841f7c2,HCPPL/2627/0030,2026-04-27,VIJYA INFRA PROJECT PVT LTD,MTH,MO : 9106712188,Mumbai,SuperSales 1,supersales1@himalayaerp.com,13,HIMALAYA FRP MHC 750X750 LD (Qty: 13 NOS @ ₹12995),168935,30408.3,199343.3,0,199343.3,NOT_DUE,YES,PENDING_ACCEPTANCE,N/A,NORMAL,PP-2627-0030,PENDING_PLANNING,NOT_READY,NOT_DISPATCHED,N/A,N/A,N/A,N/A,N/A,N/A,0,N/A,SENT_TO_PLANT_HEAD
199,8a9cb4a0-4094-488a-a0b2-9dee16d8f3cc,HCPPL/2627/0027,2026-04-25,MECHWELD INFRACON PVT LTD,MTH,MO : 9737470430,Vadodara,SuperSales 1,supersales1@himalayaerp.com,18,FRPMHCLD 28X28 (Qty: 18 NOS @ ₹2150),38700,6966,45666,0,45666,NOT_DUE,YES,PENDING_ACCEPTANCE,N/A,NORMAL,PP-2627-0027,PENDING_PLANNING,NOT_READY,NOT_DISPATCHED,N/A,N/A,N/A,N/A,N/A,N/A,0,N/A,SENT_TO_PLANT_HEAD
200,e9ab5bb7-f09b-4c03-9122-7519725078a6,HCPPL/2627/0028,2026-04-25,ASIAN CORPORATION,MTH,MO:+91 99860 58518,Bengaluru,SuperSales 1,supersales1@himalayaerp.com,20,"HIMALAYA FRP MHC 750X750 C250 (Qty: 11 NOS @ ₹7875); HIMALAYA FRP MHC 1000X1000 C250 (Qty: 9 NOS @ ₹18517)",253278,45590.04,298868.04,0,298868.04,NOT_DUE,YES,PENDING_ACCEPTANCE,N/A,NORMAL,PP-2627-0028,PENDING_PLANNING,NOT_READY,NOT_DISPATCHED,N/A,N/A,N/A,N/A,N/A,N/A,0,N/A,SENT_TO_PLANT_HEAD
201,02fd91be-1c49-498a-ab1d-34d5b8e3c5f4,HCPPL/2627/0150,2026-04-24,BHADANI INDUSTRIES,TL,MO : 9909319595,Vadodara,SuperSales 2,supersales2@himalayaerp.com,38,"HIMALAYA FRP MHC 600X600 D400 (Qty: 15 NOS @ ₹8564); HIMALAYA FRPDOUBLESEAL MHC 600X600 ELD (Qty: 15 NOS @ ₹3670); HIMALAYA FRPMHC 900MM DIA D400 (Qty: 3 NOS @ ₹13147); HIMALAYA FRP MHC 900X900 D400 (Qty: 1 NOS @ ₹22070); HIMALAYA FRP MHC 1000X1000 D400 (Qty: 3 NOS @ ₹28169); HIMALAYA FRP MHC 1000X1000 B125 (Qty: 1 NOS @ ₹19483)",349011,62821.98,411832.98,0,411832.98,NOT_DUE,YES,PENDING_ACCEPTANCE,N/A,NORMAL,PP-2627-0150,PENDING_PLANNING,NOT_READY,NOT_DISPATCHED,N/A,N/A,N/A,N/A,N/A,N/A,0,N/A,SENT_TO_PLANT_HEAD
202,26553ab5-c02c-4900-baec-6d940d086f51,HCPPL/2627/0175,2026-04-24,SHYAM INFRA,JP,9723800756,Ahmedabad,Sales 1,sales1@himalayaerp.com,4,HIMALAYA FRP MHC 600X600 C250 (Qty: 4 SET @ ₹7500),30000,5400,35400,0,35400,NOT_DUE,YES,PENDING_ACCEPTANCE,N/A,NORMAL,PP-2627-0175,PENDING_PLANNING,NOT_READY,NOT_DISPATCHED,N/A,N/A,N/A,N/A,N/A,N/A,0,N/A,SENT_TO_PLANT_HEAD
203,d68b7f46-1d16-40df-ae3f-fb07e2213dc5,HCPPL/2627/0026,2026-04-24,SIDDHIVINAYAK CONSTRUCTION,MTH,MO : 8128290150,Jamnagar,SuperSales 1,supersales1@himalayaerp.com,294,ONGC 600X450 D400 (Qty: 294 NOS @ ₹4433),1303302,234594.36,1537896.36,0,1537896.36,NOT_DUE,YES,PENDING_ACCEPTANCE,N/A,NORMAL,PP-2627-0026,PENDING_PLANNING,NOT_READY,NOT_DISPATCHED,N/A,N/A,N/A,N/A,N/A,N/A,0,N/A,SENT_TO_PLANT_HEAD
204,75b1258d-2de7-49c9-879a-15ad6a8c32c4,HCPPL/2627/0025,2026-04-23,JAY AMBE,MTH,mo:91 98984 23399,Ahmedabad,SuperSales 1,supersales1@himalayaerp.com,3,HIMALAYA FRP RCS 600X600 C250 (Qty: 3 NOS @ ₹15650),46950,8451,55401,0,55401,NOT_DUE,YES,PENDING_ACCEPTANCE,N/A,NORMAL,PP-2627-0025,PENDING_PLANNING,NOT_READY,NOT_DISPATCHED,N/A,N/A,N/A,N/A,N/A,N/A,0,N/A,SENT_TO_PLANT_HEAD
205,dcd7ed0e-142d-487a-9718-7cfc8b685599,HCPPL/2627/0024,2026-04-22,PARSHWA TRADERS,MTH,MO : 8141226663,Ahmedabad,SuperSales 1,supersales1@himalayaerp.com,8,"HIMALAYA FRP MHC 300X300 LD (Qty: 4 NOS @ ₹2200); HIMALAYA FRP MHC 600X450 LD (Qty: 2 NOS @ ₹6000); HIMALAYA FRPDOUBLESEAL MHC 600X600 ELD (Qty: 1 NOS @ ₹6350); HIMALAYA FRP MHC 900X900 ELD (Qty: 1 NOS @ ₹16900)",44050,7929,51979,0,51979,NOT_DUE,YES,PENDING_ACCEPTANCE,N/A,NORMAL,PP-2627-0024,PENDING_PLANNING,NOT_READY,NOT_DISPATCHED,N/A,N/A,N/A,N/A,N/A,N/A,0,N/A,SENT_TO_PLANT_HEAD
206,484c4089-b96b-4817-aff2-054b5fa4db33,HCPPL/2627/0023,2026-04-21,TRIPURBUILDERS,MTH,MO : 9537367186,Ahmedabad,SuperSales 1,supersales1@himalayaerp.com,13,"FRPMHCELD 12X12 (Qty: 9 NOS @ ₹378); FRPMHCELD 28X28 (Qty: 4 NOS @ ₹2130)",11922,2145.96,14067.96,0,14067.96,NOT_DUE,YES,PENDING_ACCEPTANCE,N/A,NORMAL,PP-2627-0023,PENDING_PLANNING,NOT_READY,NOT_DISPATCHED,N/A,N/A,N/A,N/A,N/A,N/A,0,N/A,SENT_TO_PLANT_HEAD
207,a78dff05-3482-4889-a042-61578f359252,HCPPL/2627/0022,2026-04-21,JAY AMBE,MTH,mo:91 98984 23399,Ahmedabad,SuperSales 1,supersales1@himalayaerp.com,1,HIMALAYA FRP RCS 450X450 ELD (Qty: 1 NOS @ ₹8950),8950,1611,10561,0,10561,NOT_DUE,YES,PENDING_ACCEPTANCE,N/A,NORMAL,PP-2627-0022,PENDING_PLANNING,NOT_READY,NOT_DISPATCHED,N/A,N/A,N/A,N/A,N/A,N/A,0,N/A,SENT_TO_PLANT_HEAD
208,902f2c66-49a7-4de1-9693-a407ff1c980c,HCPPL/2627/0021,2026-04-20,TASNEEM ENTERPRISE,MTH,HUSSAIN BHAI : 9940178652,Chennai,SuperSales 1,supersales1@himalayaerp.com,2,"HIMALAYA FRP MHC 600X600 D400 (Qty: 1 NOS @ ₹16200); HIMALAYA FRP MHC 600X600 D400 (Qty: 1 NOS @ ₹100)",16300,2934,19234,0,19234,NOT_DUE,YES,PENDING_ACCEPTANCE,N/A,NORMAL,PP-2627-0021,PENDING_PLANNING,NOT_READY,NOT_DISPATCHED,N/A,N/A,N/A,N/A,N/A,N/A,0,N/A,SENT_TO_PLANT_HEAD
209,41d72b7a-8d18-4082-a174-c769732817aa,HCPPL/2627/0228,2026-04-20,ARCHIT CORPORATION,RS,9825137600 / 9998521843,Surat,Sales 2,sales2@himalayaerp.com,12,HIMALAYA FRP RCS 600X600 B125 (Qty: 12 SET @ ₹6648),79776,14359.68,94135.68,0,94135.68,NOT_DUE,YES,PENDING_ACCEPTANCE,N/A,NORMAL,PP-2627-0228,PENDING_PLANNING,NOT_READY,NOT_DISPATCHED,N/A,N/A,N/A,N/A,N/A,N/A,0,N/A,SENT_TO_PLANT_HEAD
210,c08144e3-1cb2-4a52-95aa-69ae0ff04166,HCPPL/2627/0020,2026-04-20,MECHWELD INFRACON PVT LTD,MTH,MO : 9737470430,Vadodara,SuperSales 1,supersales1@himalayaerp.com,277,"HIMALAYA FRP MHC 600X600 D400 (Qty: 66 NOS @ ₹9720); HIMALAYA FRP MHC 600X600 D400 (Qty: 20 NOS @ ₹9720); HIMALAYA FRP MHC 900X900 D400 (Qty: 12 NOS @ ₹23880); HIMALAYA FRP MHC 900X900 D400 (Qty: 13 NOS @ ₹23880); HIMALAYA FRP MHC 1200X1200 D400 (Qty: 11 NOS @ ₹47790); HIMALAYA FRP WGC 750X750 D400 (Qty: 55 NOS @ ₹17400); HIMALAYA FRP WGC 750X750 D400 (Qty: 45 NOS @ ₹17400); HIMALAYA FRP WGC 600X900 D400 (Qty: 8 NOS @ ₹12960); HIMALAYA FRP WGC 900X900 E600 (Qty: 27 NOS @ ₹23880); HIMALAYA FRP WGC 1200X600 D400 (Qty: 19 NOS @ ₹23400); HIMALAYA FRP WGC 1200X600 D400 (Qty: 1 NOS @ ₹23400)",4915050,884709,5799759,0,5799759,NOT_DUE,YES,PENDING_ACCEPTANCE,N/A,NORMAL,PP-2627-0020,PENDING_PLANNING,NOT_READY,NOT_DISPATCHED,N/A,N/A,N/A,N/A,N/A,N/A,0,N/A,SENT_TO_PLANT_HEAD
211,dbd29951-4c32-4b8f-8c4c-b67253e5c754,HCPPL/2627/0227,2026-04-19,ARCHIT CORPORATION,RS,9825137600 / 9998521843,Surat,Sales 2,sales2@himalayaerp.com,10,HIMALAYA FRP MHC 450X450 ELD (Qty: 10 SET @ ₹2200),22000,3960,25960,0,25960,NOT_DUE,YES,PENDING_ACCEPTANCE,N/A,NORMAL,PP-2627-0227,PENDING_PLANNING,NOT_READY,NOT_DISPATCHED,N/A,N/A,N/A,N/A,N/A,N/A,0,N/A,SENT_TO_PLANT_HEAD
212,9498cd19-2914-404d-baef-fa55417b299c,HCPPL/2627/0226,2026-04-18,ARCHIT CORPORATION,RS,9825137600 / 9998521843,Surat,Sales 2,sales2@himalayaerp.com,50,FRPMHCELD 28X28 (Qty: 50 SET @ ₹1592.25),79612.5,14330.25,93942.75,0,93942.75,NOT_DUE,YES,PENDING_ACCEPTANCE,N/A,NORMAL,PP-2627-0226,PENDING_PLANNING,NOT_READY,NOT_DISPATCHED,N/A,N/A,N/A,N/A,N/A,N/A,0,N/A,SENT_TO_PLANT_HEAD
213,bd76ef55-f11c-47f0-b82c-2ef91b1a953a,HCPPL/2627/0225,2026-04-17,ARCHIT CORPORATION,RS,9825137600 / 9998521843,Surat,Sales 2,sales2@himalayaerp.com,25,FRPMHCLD 28X28 (Qty: 25 SET @ ₹1952.5),48812.5,8786.25,57598.75,0,57598.75,NOT_DUE,YES,PENDING_ACCEPTANCE,N/A,NORMAL,PP-2627-0225,PENDING_PLANNING,NOT_READY,NOT_DISPATCHED,N/A,N/A,N/A,N/A,N/A,N/A,0,N/A,SENT_TO_PLANT_HEAD
214,dd827566-8a32-4e93-bee5-b2b506f141b4,HCPPL/2627/0019,2026-04-16,JAY AMBE,MTH,ROOSHIL BHAI : 9879515722 / 9898423399,Ahmedabad,SuperSales 1,supersales1@himalayaerp.com,12,HIMALAYA FRP MHC 600X600 B125 (Qty: 12 NOS @ ₹10300),123600,22248,145848,0,145848,NOT_DUE,YES,PENDING_ACCEPTANCE,N/A,NORMAL,PP-2627-0019,PENDING_PLANNING,NOT_READY,NOT_DISPATCHED,N/A,N/A,N/A,N/A,N/A,N/A,0,N/A,SENT_TO_PLANT_HEAD
215,8dd5aa79-28f0-422a-888b-4113bb6127d8,HCPPL/2627/0224,2026-04-16,ARCHIT CORPORATION,RS,9825137600 / 9998521843,Surat,Sales 2,sales2@himalayaerp.com,5,HIMALAYA FRP MHC 900X900 B125 (Qty: 5 SET @ ₹6648),33240,5983.2,39223.2,0,39223.2,NOT_DUE,YES,PENDING_ACCEPTANCE,N/A,NORMAL,PP-2627-0224,PENDING_PLANNING,NOT_READY,NOT_DISPATCHED,N/A,N/A,N/A,N/A,N/A,N/A,0,N/A,SENT_TO_PLANT_HEAD
216,371cb814-32f0-477a-a138-1e18210467a8,HCPPL/2627/0018,2026-04-16,TASNEEM ENTERPRISE,MTH,HUSSAIN BHAI : 9940178652,Chennai,SuperSales 1,supersales1@himalayaerp.com,1,HIMALAYA FRP MHC 1000X1000 B125 (Qty: 1 NOS @ ₹28500),28500,5130,33630,0,33630,NOT_DUE,YES,PENDING_ACCEPTANCE,N/A,NORMAL,PP-2627-0018,PENDING_PLANNING,NOT_READY,NOT_DISPATCHED,N/A,N/A,N/A,N/A,N/A,N/A,0,N/A,SENT_TO_PLANT_HEAD
217,fa29eedf-0144-45c6-9893-501e70fb76ce,HCPPL/2627/0174,2026-04-15,OM INFRASTRUCTURE,JP,7046203956,Ahmedabad,Sales 1,sales1@himalayaerp.com,27,HIMALAYA FRP MHC 900X900 B125 (Qty: 27 SET @ ₹14025),378675,68161.5,446836.5,0,446836.5,NOT_DUE,YES,PENDING_ACCEPTANCE,N/A,NORMAL,PP-2627-0174,PENDING_PLANNING,NOT_READY,NOT_DISPATCHED,N/A,N/A,N/A,N/A,N/A,N/A,0,N/A,SENT_TO_PLANT_HEAD
218,4da8ac20-1d06-454b-b6e2-a3fd1b5095d1,HCPPL/2627/0015,2026-04-15,NORTHSIDE PROPERTIES,MTH,MO : 9099336388 / 7575870400,Gandhinagar,SuperSales 1,supersales1@himalayaerp.com,1,HIMALAYA FRP MHC 1200X1200 B125 (Qty: 1 NOS @ ₹28325),28325,5098.5,33423.5,0,33423.5,NOT_DUE,YES,PENDING_ACCEPTANCE,N/A,NORMAL,PP-2627-0015,PENDING_PLANNING,NOT_READY,NOT_DISPATCHED,N/A,N/A,N/A,N/A,N/A,N/A,0,N/A,SENT_TO_PLANT_HEAD
219,0e117d3e-c54a-404b-baa2-952400bd9dc3,HCPPL/2627/0016,2026-04-15,A SHRIDHAR GROUP,MTH,MO : 7878715808,Ahmedabad,SuperSales 1,supersales1@himalayaerp.com,50,"HIMALAYA FRP MHC 600X600 D400 (Qty: 5 NOS @ ₹9300); HIMALAYA FRP MHC 900X900 D400 (Qty: 9 NOS @ ₹24244); FRPMHCLD 18X18 (Qty: 10 NOS @ ₹942); FRPMHCLD 24X24 (Qty: 25 NOS @ ₹1296); HIMALAYA FRP MHC 900X900 LD (Qty: 1 NOS @ ₹12673)",319189,57454.02,376643.02,0,376643.02,NOT_DUE,YES,PENDING_ACCEPTANCE,N/A,NORMAL,PP-2627-0016,PENDING_PLANNING,NOT_READY,NOT_DISPATCHED,N/A,N/A,N/A,N/A,N/A,N/A,0,N/A,SENT_TO_PLANT_HEAD
220,26f24fcf-c142-4876-9cf8-f7c26a4539e3,HCPPL/2627/0014,2026-04-15,SHREE CORPORATION,MTH,MO : 9924237728,Ahmedabad,SuperSales 1,supersales1@himalayaerp.com,1,FRPMHCLD 24X24 (Qty: 1 NOS @ ₹1296),1296,233.28,1529.28,0,1529.28,NOT_DUE,YES,PENDING_ACCEPTANCE,N/A,NORMAL,PP-2627-0014,PENDING_PLANNING,NOT_READY,NOT_DISPATCHED,N/A,N/A,N/A,N/A,N/A,N/A,0,N/A,SENT_TO_PLANT_HEAD
221,2955bdf9-5be6-4e5b-9968-ba8e25390242,HCPPL/2627/0223,2026-04-15,ARCHIT CORPORATION,RS,9825137600 / 9998521843,Surat,Sales 2,sales2@himalayaerp.com,5,HIMALAYA FRP MHC 900X900 LD (Qty: 5 SET @ ₹12240),61200,11016,72216,0,72216,NOT_DUE,YES,PENDING_ACCEPTANCE,N/A,NORMAL,PP-2627-0223,PENDING_PLANNING,NOT_READY,NOT_DISPATCHED,N/A,N/A,N/A,N/A,N/A,N/A,0,N/A,SENT_TO_PLANT_HEAD
222,69df5d96-6a03-4be0-ae98-7c1a2515d552,HCPPL/2627/0229,2026-04-15,ARCHIT CORPORATION,RS,9825137600 / 9998521843,Surat,Sales 2,sales2@himalayaerp.com,10,HIMALAYA FRP RCS 600X600 ELD (Qty: 10 SET @ ₹5016),50160,9028.8,59188.8,0,59188.8,NOT_DUE,YES,PENDING_ACCEPTANCE,N/A,NORMAL,PP-2627-0229,PENDING_PLANNING,NOT_READY,NOT_DISPATCHED,N/A,N/A,N/A,N/A,N/A,N/A,0,N/A,SENT_TO_PLANT_HEAD
223,db53aa66-0601-48d8-a0b4-bb634930cc11,HCPPL/2627/0230,2026-04-15,RAJHANS INFRACONE INDIA PVT LTD,RS,990497776,Surat,Sales 2,sales2@himalayaerp.com,1,HIMALAYA FRP MHC 450X600 ELD (Qty: 1 SET @ ₹3600),3600,648,4248,0,4248,NOT_DUE,YES,PENDING_ACCEPTANCE,N/A,NORMAL,PP-2627-0230,PENDING_PLANNING,NOT_READY,NOT_DISPATCHED,N/A,N/A,N/A,N/A,N/A,N/A,0,N/A,SENT_TO_PLANT_HEAD
224,a3e97c7b-9b67-4fb4-bc0f-64818b6b8317,HCPPL/2627/0017,2026-04-15,"1, A. SHRIDHAR CORPORATE HOUSE,",MTH,MO : 9727744179,Ahmedabad,SuperSales 1,supersales1@himalayaerp.com,160,"FRPMHCELD 12X12 (Qty: 100 NOS @ ₹410); FRPMHCLD 30X30 (Qty: 60 NOS @ ₹1885)",154100,27738,181838,0,181838,NOT_DUE,YES,PENDING_ACCEPTANCE,N/A,NORMAL,PP-2627-0017,PENDING_PLANNING,NOT_READY,NOT_DISPATCHED,N/A,N/A,N/A,N/A,N/A,N/A,0,N/A,SENT_TO_PLANT_HEAD
225,2eec73b8-8916-4156-bab6-fd1141ded94e,HCPPL/2627/0222,2026-04-14,ARCHIT CORPORATION,RS,9825137600 / 9998521843,Surat,Sales 2,sales2@himalayaerp.com,10,HIMALAYA FRPDOUBLESEAL MHC 600X600 ELD (Qty: 10 SET @ ₹3336),33360,6004.8,39364.8,0,39364.8,NOT_DUE,YES,PENDING_ACCEPTANCE,N/A,NORMAL,PP-2627-0222,PENDING_PLANNING,NOT_READY,NOT_DISPATCHED,N/A,N/A,N/A,N/A,N/A,N/A,0,N/A,SENT_TO_PLANT_HEAD
226,b34595a0-cc1d-4b15-8e54-dab95802baed,HCPPL/2627/0221,2026-04-13,ARCHIT CORPORATION,RS,9825137600 / 9998521843,Surat,Sales 2,sales2@himalayaerp.com,90,HIMALAYA FRP MHC 300X300 LD (Qty: 90 SET @ ₹1056),95040,17107.2,112147.2,0,112147.2,NOT_DUE,YES,PENDING_ACCEPTANCE,N/A,NORMAL,PP-2627-0221,PENDING_PLANNING,NOT_READY,NOT_DISPATCHED,N/A,N/A,N/A,N/A,N/A,N/A,0,N/A,SENT_TO_PLANT_HEAD
227,31f3b839-a356-4a6e-b050-7019cc043fbd,HCPPL/2627/0220,2026-04-12,ARCHIT CORPORATION,RS,9825137600 / 9998521843,Surat,Sales 2,sales2@himalayaerp.com,35,HIMALAYA FRP WGC 600X600 C250 (Qty: 35 SET @ ₹6408),224280,40370.4,264650.4,0,264650.4,NOT_DUE,YES,PENDING_ACCEPTANCE,N/A,NORMAL,PP-2627-0220,PENDING_PLANNING,NOT_READY,NOT_DISPATCHED,N/A,N/A,N/A,N/A,N/A,N/A,0,N/A,SENT_TO_PLANT_HEAD
228,c1c0a5e7-88af-439a-be03-0672b9dc8219,HCPPL/2627/0149,2026-04-11,SHUBH INFRA,TL,MO:+91 70697 41838,Ahmedabad,SuperSales 2,supersales2@himalayaerp.com,1,HIMALAYA FRP MHC 900X900 D400 (Qty: 1 NOS @ ₹27170),27170,4890.6,32060.6,0,32060.6,NOT_DUE,YES,PENDING_ACCEPTANCE,N/A,NORMAL,PP-2627-0149,PENDING_PLANNING,NOT_READY,NOT_DISPATCHED,N/A,N/A,N/A,N/A,N/A,N/A,0,N/A,SENT_TO_PLANT_HEAD
229,983251af-a811-40b5-88bd-c7accddaeb9a,HCPPL/2627/0219,2026-04-11,ARCHIT CORPORATION,RS,9825137600 / 9998521843,Surat,Sales 2,sales2@himalayaerp.com,3,HIMALAYA FRP MHC 600X600 C250 (Qty: 3 SET @ ₹6000),18000,3240,21240,0,21240,NOT_DUE,YES,PENDING_ACCEPTANCE,N/A,NORMAL,PP-2627-0219,PENDING_PLANNING,NOT_READY,NOT_DISPATCHED,N/A,N/A,N/A,N/A,N/A,N/A,0,N/A,SENT_TO_PLANT_HEAD
230,0263542f-b085-4f77-b9a0-d9b063f1c779,HCPPL/2627/0173,2026-04-11,OM BUILDSPACE,JP,9033886533,Ahmedabad,Sales 1,sales1@himalayaerp.com,2,HIMALAYA FRP MHC 600X600 C250 (Qty: 2 SET @ ₹8125),16250,2925,19175,0,19175,NOT_DUE,YES,PENDING_ACCEPTANCE,N/A,NORMAL,PP-2627-0173,PENDING_PLANNING,NOT_READY,NOT_DISPATCHED,N/A,N/A,N/A,N/A,N/A,N/A,0,N/A,SENT_TO_PLANT_HEAD
231,b42471e4-af40-47b8-86db-bfb7690e501b,HCPPL/2627/0012,2026-04-10,A.SHRIDHAR CONSTRUCTION PVT LTD,MTH,MO : 7878715808,Ahmedabad,SuperSales 1,supersales1@himalayaerp.com,1,HIMALAYA FRP MHC 600X600 D400 (Qty: 1 NOS @ ₹9300),9300,1674,10974,0,10974,NOT_DUE,YES,PENDING_ACCEPTANCE,N/A,NORMAL,PP-2627-0012,PENDING_PLANNING,NOT_READY,NOT_DISPATCHED,N/A,N/A,N/A,N/A,N/A,N/A,0,N/A,SENT_TO_PLANT_HEAD
232,5ff6e78d-8729-4690-ae2e-5fa393992c0b,HCPPL/2627/0010,2026-04-10,DEVARSH CONSTUCTION CO,MTH,MO : 9727623517 / 9998744602,Gandhinagar,SuperSales 1,supersales1@himalayaerp.com,8,HIMALAYA FRP RCS 600X600 B125 (Qty: 8 NOS @ ₹8910),71280,12830.4,84110.4,0,84110.4,NOT_DUE,YES,PENDING_ACCEPTANCE,N/A,NORMAL,PP-2627-0010,PENDING_PLANNING,NOT_READY,NOT_DISPATCHED,N/A,N/A,N/A,N/A,N/A,N/A,0,N/A,SENT_TO_PLANT_HEAD
233,f94274a6-df10-462b-9db5-1f4d4536c3c7,HCPPL/2627/0013,2026-04-10,RAINBIRDS BUILDCON LLP,MTH,MO :7698719294,Ahmedabad,SuperSales 1,supersales1@himalayaerp.com,2,HIMALAYA FRP MHC 600X600 D400 (Qty: 2 NOS @ ₹8910),17820,3207.6,21027.6,0,21027.6,NOT_DUE,YES,PENDING_ACCEPTANCE,N/A,NORMAL,PP-2627-0013,PENDING_PLANNING,NOT_READY,NOT_DISPATCHED,N/A,N/A,N/A,N/A,N/A,N/A,0,N/A,SENT_TO_PLANT_HEAD
234,b35fc0fb-df63-4cfa-a300-84dfe428807a,HCPPL/2627/0218,2026-04-10,ARCHIT CORPORATION,RS,9825137600 / 9998521843,Surat,Sales 2,sales2@himalayaerp.com,15,"HIMALAYA FRP RCS 600X600 ELD (Qty: 7 SET @ ₹5016); HIMALAYA FRP RCS 450X450 LD (Qty: 8 SET @ ₹4296)",69480,12506.4,81986.4,0,81986.4,NOT_DUE,YES,PENDING_ACCEPTANCE,N/A,NORMAL,PP-2627-0218,PENDING_PLANNING,NOT_READY,NOT_DISPATCHED,N/A,N/A,N/A,N/A,N/A,N/A,0,N/A,SENT_TO_PLANT_HEAD
235,dd88d333-a606-4142-bcdb-92eff4ff3cd3,HCPPL/2627/0011,2026-04-10,"A. SHRIDHAR CORPORATE HOUSE,",MTH,MO : 9824324399,Ahmedabad,SuperSales 1,supersales1@himalayaerp.com,41,"HIMALAYA FRP MHC 1000X1000 D400 (Qty: 2 NOS @ ₹27742); FRPMHCELD 28X28 (Qty: 39 NOS @ ₹1990)",133094,23956.92,157050.92,0,157050.92,NOT_DUE,YES,PENDING_ACCEPTANCE,N/A,NORMAL,PP-2627-0011,PENDING_PLANNING,NOT_READY,NOT_DISPATCHED,N/A,N/A,N/A,N/A,N/A,N/A,0,N/A,SENT_TO_PLANT_HEAD
236,319eb35f-b430-433c-99b9-316fd7fda718,HCPPL/2627/0172,2026-04-09,SPARSH BUILDCON,JP,9723971646,Ahmedabad,Sales 1,sales1@himalayaerp.com,6,FRPMHCELD 28X28 (Qty: 6 SET @ ₹1880),11280,2030.4,13310.4,0,13310.4,NOT_DUE,YES,PENDING_ACCEPTANCE,N/A,NORMAL,PP-2627-0172,PENDING_PLANNING,NOT_READY,NOT_DISPATCHED,N/A,N/A,N/A,N/A,N/A,N/A,0,N/A,SENT_TO_PLANT_HEAD
237,2dedeaa3-6669-499f-b7dd-99cbf10bca3a,HCPPL/2627/0171,2026-04-09,SHILP INFRASTRUCTURE,JP,8734848252,Gandhinagar,Sales 1,sales1@himalayaerp.com,11,"FRPMHCELD 10X10 (Qty: 1 SET @ ₹354); FRPMHCELD 18X18 (Qty: 1 SET @ ₹810); FRPMHCELD 21X21 (Qty: 1 SET @ ₹1044); FRPMHCELD 28X28 (Qty: 4 SET @ ₹1880); HIMALAYA FRP MHC 750X750 B125 (Qty: 3 SET @ ₹8700); HIMALAYA FRP MHC 900X900 B125 (Qty: 1 SET @ ₹14790)",50618,9111.24,59729.24,0,59729.24,NOT_DUE,YES,PENDING_ACCEPTANCE,N/A,NORMAL,PP-2627-0171,PENDING_PLANNING,NOT_READY,NOT_DISPATCHED,N/A,N/A,N/A,N/A,N/A,N/A,0,N/A,SENT_TO_PLANT_HEAD
238,f1c8e5cc-21b5-4aef-8668-e19272a1dad2,HCPPL/2627/0009,2026-04-09,SAGAR CONSTRUCTION,MTH,MO : 7405665789,Jamnagar,SuperSales 1,supersales1@himalayaerp.com,10,HIMALAYA FRP MHC 450X450 ELD (Qty: 10 NOS @ ₹2760),27600,4968,32568,0,32568,NOT_DUE,YES,PENDING_ACCEPTANCE,N/A,NORMAL,PP-2627-0009,PENDING_PLANNING,NOT_READY,NOT_DISPATCHED,N/A,N/A,N/A,N/A,N/A,N/A,0,N/A,SENT_TO_PLANT_HEAD
239,e5d464c2-b8ba-4cdb-93f9-c644d89e99ed,HCPPL/2627/0147,2026-04-09,SHUBH INFRA,TL,MO:+91 70697 41838,Ahmedabad,SuperSales 2,supersales2@himalayaerp.com,10,"HIMALAYA FRP RCS 300X300 D400 (Qty: 5 NOS @ ₹4300); HIMALAYA FRP RCS 600X600 D400 (Qty: 3 NOS @ ₹12500); HIMALAYA FRP RCS 750X750 D400 (Qty: 2 NOS @ ₹20600)",100200,18036,118236,0,118236,NOT_DUE,YES,PENDING_ACCEPTANCE,N/A,NORMAL,PP-2627-0147,PENDING_PLANNING,NOT_READY,NOT_DISPATCHED,N/A,N/A,N/A,N/A,N/A,N/A,0,N/A,SENT_TO_PLANT_HEAD
240,79534e34-8a55-4a90-b0b9-c8517ddbe84c,HCPPL/2627/0148,2026-04-09,KAPIL RAYON INDIA PVT LTD,TL,MO : 9820328190,Mumbai,SuperSales 2,supersales2@himalayaerp.com,9,HIMALAYA FRPONGC 300X700 C250 (Qty: 9 NOS @ ₹2530),22770,4098.6,26868.6,0,26868.6,NOT_DUE,YES,PENDING_ACCEPTANCE,N/A,NORMAL,PP-2627-0148,PENDING_PLANNING,NOT_READY,NOT_DISPATCHED,N/A,N/A,N/A,N/A,N/A,N/A,0,N/A,SENT_TO_PLANT_HEAD
241,77a28cb0-0aae-42d8-98cd-c4add0314793,HCPPL/2627/0142,2026-04-08,ADITI ECO VISION PROJECT LLP,MTH,MO : 9687554446,Ahmedabad,SuperSales 1,supersales1@himalayaerp.com,175,HIMALAYA FRP MHC 15X15 3T (Qty: 175 NOS @ ₹518),90650,16317,106967,0,106967,NOT_DUE,YES,PENDING_ACCEPTANCE,N/A,NORMAL,PP-2627-0142,PENDING_PLANNING,NOT_READY,NOT_DISPATCHED,N/A,N/A,N/A,N/A,N/A,N/A,0,N/A,SENT_TO_PLANT_HEAD
242,c2d623cf-1336-4e7f-9126-9b88f3fa9a7e,HCPPL/2627/0007,2026-04-08,OM BUILDSPACE,MTH,RITESH BHAI : 9033886533,Ahmedabad,SuperSales 1,supersales1@himalayaerp.com,1,HIMALAYA FRP WGC 900X900 E600 (Qty: 1 NOS @ ₹25340),25340,4561.2,29901.2,0,29901.2,NOT_DUE,YES,PENDING_ACCEPTANCE,N/A,NORMAL,PP-2627-0007,PENDING_PLANNING,NOT_READY,NOT_DISPATCHED,N/A,N/A,N/A,N/A,N/A,N/A,0,N/A,SENT_TO_PLANT_HEAD
243,5b9c8ac1-6f5f-46d4-8dc8-494945756485,HCPPL/2627/0008,2026-04-08,P DAS INFRASTRUCTURE PVT LTD,MTH,MO : 9925163598,Ahmedabad,SuperSales 1,supersales1@himalayaerp.com,2,"HIMALAYA FRP MHC 1200X1200 ELD (Qty: 1 NOS @ ₹21714); FRPMHCLD 1800X1800 (Qty: 1 NOS @ ₹36010)",57724,10390.32,68114.32,0,68114.32,NOT_DUE,YES,PENDING_ACCEPTANCE,N/A,NORMAL,PP-2627-0008,PENDING_PLANNING,NOT_READY,NOT_DISPATCHED,N/A,N/A,N/A,N/A,N/A,N/A,0,N/A,SENT_TO_PLANT_HEAD
244,bae53fcf-6458-4065-b74e-518fa71d4579,HCPPL/2627/0006,2026-04-07,MODERN POWER SERVICES,MTH,MO : 8141748687,Ahmedabad,SuperSales 1,supersales1@himalayaerp.com,50,HIMALAYA FRP RCS 600X600 C250 (Qty: 50 NOS @ ₹8000),400000,72000,472000,0,472000,NOT_DUE,YES,PENDING_ACCEPTANCE,N/A,NORMAL,PP-2627-0006,PENDING_PLANNING,NOT_READY,NOT_DISPATCHED,N/A,N/A,N/A,N/A,N/A,N/A,0,N/A,SENT_TO_PLANT_HEAD
245,98fc5377-6c1b-4631-8aaa-791f047ca877,HCPPL/2627/0111,2026-04-07,JAY AMBE,MTH,mo:91 98984 23399,Ahmedabad,SuperSales 1,supersales1@himalayaerp.com,12,"FRPMHCLD 28X28 (Qty: 8 NOS @ ₹2895); FRPMHCLD 28X28 (Qty: 4 NOS @ ₹2895)",34740,6253.2,40993.2,0,40993.2,NOT_DUE,YES,PENDING_ACCEPTANCE,N/A,NORMAL,PP-2627-0111,PENDING_PLANNING,NOT_READY,NOT_DISPATCHED,N/A,N/A,N/A,N/A,N/A,N/A,0,N/A,SENT_TO_PLANT_HEAD
246,767d1268-792b-4dd8-8685-abeaee11c5cc,HCPPL/2627/0005,2026-04-07,RUDRA ENTERPRISE,MTH,MO :7016161202,Jamnagar,SuperSales 1,supersales1@himalayaerp.com,42,"HIMALAYA FRPDOUBLESEAL MHC 600X600 ELD (Qty: 30 NOS @ ₹3822); HIMALAYA FRPDOUBLESEAL MHC 600X600 ELD (Qty: 12 NOS @ ₹3822)",160524,28894.32,189418.32,0,189418.32,NOT_DUE,YES,PENDING_ACCEPTANCE,N/A,NORMAL,PP-2627-0005,PENDING_PLANNING,NOT_READY,NOT_DISPATCHED,N/A,N/A,N/A,N/A,N/A,N/A,0,N/A,SENT_TO_PLANT_HEAD
247,ae461626-2688-499e-b0dc-cd638b7a1389,HCPPL/2627/0004,2026-04-06,DEVARSH CONSTUCTION CO,MTH,MO : 9727623517 / 9998744602,Gandhinagar,SuperSales 1,supersales1@himalayaerp.com,74,"HIMALAYA FRP WGC 600X600 ELD (Qty: 12 NOS @ ₹4800); HIMALAYA FRPDOUBLESEAL MHC 600X600 ELD (Qty: 22 NOS @ ₹4517); HIMALAYA FRP RCS 600X600 ELD (Qty: 40 NOS @ ₹6217)",405654,73017.72,478671.72,0,478671.72,NOT_DUE,YES,PENDING_ACCEPTANCE,N/A,NORMAL,PP-2627-0004,PENDING_PLANNING,NOT_READY,NOT_DISPATCHED,N/A,N/A,N/A,N/A,N/A,N/A,0,N/A,SENT_TO_PLANT_HEAD
248,34cf94eb-ccc3-4a9e-8aad-0da9504cce40,HCPPL/2627/0170,2026-04-06,JMD EDU COM PVT LTD,JP,9824222606,Gandhinagar,Sales 1,sales1@himalayaerp.com,8,HIMALAYA FRP RCS 600X600 ELD (Qty: 8 SET @ ₹5700),45600,8208,53808,0,53808,NOT_DUE,YES,PENDING_ACCEPTANCE,N/A,NORMAL,PP-2627-0170,PENDING_PLANNING,NOT_READY,NOT_DISPATCHED,N/A,N/A,N/A,N/A,N/A,N/A,0,N/A,SENT_TO_PLANT_HEAD
249,23df084e-2564-4086-a8d6-c4f5eeae1e79,HCPPL/2627/0003,2026-04-06,TASNEEM ENTERPRISE,MTH,HUSSAIN BHAI : 9940178652,Chennai,SuperSales 1,supersales1@himalayaerp.com,38,"HIMALAYA FRP MHC 1000X1000 D400 (Qty: 1 NOS @ ₹53350); HIMALAYA FRP MHC 450X450 D400 (Qty: 1 NOS @ ₹10250); HIMALAYA FRP MHC 600X600 D400 (Qty: 6 NOS @ ₹16200); HIMALAYA FRP MHC 450X600 D400 (Qty: 1 NOS @ ₹13300); HIMALAYA FRP MHC 450X450 C250 (Qty: 5 NOS @ ₹9150); HIMALAYA FRP MHC 600X600 B125 (Qty: 10 NOS @ ₹10400); HIMALAYA FRP MHC 600X900 B125 (Qty: 4 NOS @ ₹12950); HIMALAYA FRP MHC 300X300 B125 (Qty: 10 NOS @ ₹4350)",419150,75447,494597,0,494597,NOT_DUE,YES,PENDING_ACCEPTANCE,N/A,NORMAL,PP-2627-0003,PENDING_PLANNING,NOT_READY,NOT_DISPATCHED,N/A,N/A,N/A,N/A,N/A,N/A,0,N/A,SENT_TO_PLANT_HEAD
250,3761da3a-0aad-4a3f-bbf4-f138c2f4d8f6,HCPPL/2627/0216,2026-04-06,ARCHIT CORPORATION,RS,9825137600 / 9998521843,Surat,Sales 2,sales2@himalayaerp.com,5,HIMALAYA FRP MHC 450X450 B125 (Qty: 5 SET @ ₹3870),19350,3483,22833,0,22833,NOT_DUE,YES,PENDING_ACCEPTANCE,N/A,NORMAL,PP-2627-0216,PENDING_PLANNING,NOT_READY,NOT_DISPATCHED,N/A,N/A,N/A,N/A,N/A,N/A,0,N/A,SENT_TO_PLANT_HEAD
251,6e328760-29d3-4aeb-9f3f-c65babed125d,HCPPL/2627/0074,2026-04-06,JAY AMBE,MTH,ROOSHIL BHAI : 9879515722 / 9898423399,Ahmedabad,SuperSales 1,supersales1@himalayaerp.com,16,"HIMALAYA FRP RCS 600X600 B125 (Qty: 8 NOS @ ₹13400); HIMALAYA FRP RCS 750X750 B125 (Qty: 8 NOS @ ₹19400)",262400,47232,309632,0,309632,NOT_DUE,YES,PENDING_ACCEPTANCE,N/A,NORMAL,PP-2627-0074,PENDING_PLANNING,NOT_READY,NOT_DISPATCHED,N/A,N/A,N/A,N/A,N/A,N/A,0,N/A,SENT_TO_PLANT_HEAD
252,7702e385-3e54-405c-b967-a0c725f66389,HCPPL/2627/0075,2026-04-06,GOODWIL ENGINEERING CO.,MTH,MO :7458813024,Chennai,SuperSales 1,supersales1@himalayaerp.com,41,HIMALAYA FRPMHC 900MM DIA D400 (Qty: 41 NOS @ ₹11500),471500,84870,556370,0,556370,NOT_DUE,YES,PENDING_ACCEPTANCE,N/A,NORMAL,PP-2627-0075,PENDING_PLANNING,NOT_READY,NOT_DISPATCHED,N/A,N/A,N/A,N/A,N/A,N/A,0,N/A,SENT_TO_PLANT_HEAD
253,f6703c0e-0a21-4664-bfcb-72bdb0a76d80,HCPPL/2627/0245,2026-04-04,PARTH CONSTRUCTION,RT,MO : 9426084123,Ahmedabad,Sales 3,sales3@himalayaerp.com,10,"FRPMHCLD 28X28 (Qty: 9 SET @ ₹1737); FRPMHCLD 24X24 (Qty: 1 SET @ ₹1197)",16830,3029.4,19859.4,0,19859.4,NOT_DUE,YES,PENDING_ACCEPTANCE,N/A,NORMAL,PP-2627-0245,PENDING_PLANNING,NOT_READY,NOT_DISPATCHED,N/A,N/A,N/A,N/A,N/A,N/A,0,N/A,SENT_TO_PLANT_HEAD
254,aa96d67b-69db-42b0-b82d-f1a75c08fa6b,HCPPL/2627/0217,2026-04-04,ARCHIT CORPORATION,RS,9825137600 / 9998521843,Surat,Sales 2,sales2@himalayaerp.com,4,HIMALAYA FRP WGC 450X450 ELD (Qty: 4 SET @ ₹2250),9000,1620,10620,0,10620,NOT_DUE,YES,PENDING_ACCEPTANCE,N/A,NORMAL,PP-2627-0217,PENDING_PLANNING,NOT_READY,NOT_DISPATCHED,N/A,N/A,N/A,N/A,N/A,N/A,0,N/A,SENT_TO_PLANT_HEAD
255,d7e9c1bb-5b4b-43c9-835c-6a429bc0e015,HCPPL/2627/0146,2026-04-02,VISHAN REAL ESTATE PVT LTD,TL,MO : 9998184929,Ahmedabad,SuperSales 2,supersales2@himalayaerp.com,3,"HIMALAYA FRP RCS 300X300 ELD (Qty: 1 NOS @ ₹2695); HIMALAYA FRP RCS 600X600 ELD (Qty: 1 NOS @ ₹5225); HIMALAYA FRP MHC 450X900 ELD (Qty: 1 NOS @ ₹3825)",11745,2114.1,13859.1,0,13859.1,NOT_DUE,YES,PENDING_ACCEPTANCE,N/A,NORMAL,PP-2627-0146,PENDING_PLANNING,NOT_READY,NOT_DISPATCHED,N/A,N/A,N/A,N/A,N/A,N/A,0,N/A,SENT_TO_PLANT_HEAD
256,26469472-9bb9-4167-820b-22f8901b85b6,HCPPL/2627/0002,2026-04-02,JAY AMBE,MTH,ROOSHIL BHAI : 9879515722 / 9898423399,Ahmedabad,SuperSales 1,supersales1@himalayaerp.com,3,FRPMHCLD 24X24 (Qty: 3 NOS @ ₹1995),5985,1077.3,7062.3,0,7062.3,NOT_DUE,YES,PENDING_ACCEPTANCE,N/A,NORMAL,PP-2627-0002,PENDING_PLANNING,NOT_READY,NOT_DISPATCHED,N/A,N/A,N/A,N/A,N/A,N/A,0,N/A,SENT_TO_PLANT_HEAD
257,2769ad5c-ba27-4857-aab3-0596c7ee4c29,HCPPL/2627/0001,2026-04-02,MENVOC INFRASTRUCTURE,MTH,MO : 8128859115,Jamnagar,SuperSales 1,supersales1@himalayaerp.com,15,HIMALAYA FRP MHC 600X600 B125 (Qty: 15 NOS @ ₹6180),92700,16686,109386,0,109386,NOT_DUE,YES,PENDING_ACCEPTANCE,N/A,NORMAL,PP-2627-0001,PENDING_PLANNING,NOT_READY,NOT_DISPATCHED,N/A,N/A,N/A,N/A,N/A,N/A,0,N/A,SENT_TO_PLANT_HEAD
258,68960421-83dd-48e1-b16c-b6f8a17bc599,HCPPL/2627/0169,2026-04-02,WALA DIGVIJAY,JP,9974442244,Gandhinagar,Sales 1,sales1@himalayaerp.com,8,"FRPMHCELD 10X10 (Qty: 2 SET @ ₹385); FRPMHCELD 21X21 (Qty: 2 SET @ ₹1130); FRPMHCELD 28X28 (Qty: 1 SET @ ₹1880); HIMALAYA FRP MHC 300X300 LD (Qty: 1 SET @ ₹1320); HIMALAYA FRP MHC 450X450 ELD (Qty: 1 SET @ ₹2760); HIMALAYA FRPDOUBLESEAL MHC 600X600 ELD (Qty: 1 SET @ ₹4200)",13190,2374.2,15564.2,0,15564.2,NOT_DUE,YES,PENDING_ACCEPTANCE,N/A,NORMAL,PP-2627-0169,PENDING_PLANNING,NOT_READY,NOT_DISPATCHED,N/A,N/A,N/A,N/A,N/A,N/A,0,N/A,SENT_TO_PLANT_HEAD
259,41499197-8121-427f-8c34-64f317ecea3e,HCPPL/2627/0204,2026-03-07,SHRI KACHHI DASHA OSWAL JAIN,JP,9913841080,Gandhinagar,Sales 1,sales1@himalayaerp.com,12,"FRPMHCLD 28X28 (Qty: 2 SET @ ₹2000); HIMALAYA FRPDOUBLESEAL MHC 600X600 ELD (Qty: 10 SET @ ₹4000)",44000,7920,51920,0,51920,NOT_DUE,YES,PENDING_ACCEPTANCE,N/A,NORMAL,PP-2627-0204,PENDING_PLANNING,NOT_READY,NOT_DISPATCHED,N/A,N/A,N/A,N/A,N/A,N/A,0,N/A,SENT_TO_PLANT_HEAD
260,328f5ad6-e7be-4268-8670-0a17f9b83717,HCPPL/2627/0205,2026-03-07,OM REALTY,JP,9537546213,Ahmedabad,Sales 1,sales1@himalayaerp.com,6,"HIMALAYA FRP MHC 600X600 B125 (Qty: 1 SET @ ₹6180); HIMALAYA FRP MHC 600X600 C250 (Qty: 5 SET @ ₹7500)",43680,7862.4,51542.4,0,51542.4,NOT_DUE,YES,PENDING_ACCEPTANCE,N/A,NORMAL,PP-2627-0205,PENDING_PLANNING,NOT_READY,NOT_DISPATCHED,N/A,N/A,N/A,N/A,N/A,N/A,0,N/A,SENT_TO_PLANT_HEAD
261,4f7d7577-7900-47c2-ad18-f453bdcdc5e9,HCPPL/2627/0159,2026-03-07,DARSHIT TRADING CO,TL,MO : 9099060116,Ahmedabad,SuperSales 2,supersales2@himalayaerp.com,1,HIMALAYA FRP MHC 1000X1000 ELD (Qty: 1 NOS @ ₹13915),13915,2504.7,16419.7,0,16419.7,NOT_DUE,YES,PENDING_ACCEPTANCE,N/A,NORMAL,PP-2627-0159,PENDING_PLANNING,NOT_READY,NOT_DISPATCHED,N/A,N/A,N/A,N/A,N/A,N/A,0,N/A,SENT_TO_PLANT_HEAD
262,ffb5b82a-7105-4383-b60f-4eb650528eb5,HCPPL/2627/0262,2026-03-07,RAJ ENTERPRISES,GK,9265026451,Ahmedabad,Sales 4,sales4@himalayaerp.com,1,HIMALAYA FRP MHC 600X450 C250 (Qty: 1 SET @ ₹7320),7320,1317.6,8637.6,0,8637.6,NOT_DUE,YES,PENDING_ACCEPTANCE,N/A,NORMAL,PP-2627-0262,PENDING_PLANNING,NOT_READY,NOT_DISPATCHED,N/A,N/A,N/A,N/A,N/A,N/A,0,N/A,SENT_TO_PLANT_HEAD
263,3e350c32-d7e2-4b69-9e4a-03f19f0d132f,HCPPL/2627/0188,2026-03-06,SHYAM SOHAM REALTY,JP,9907957319,Ahmedabad,Sales 1,sales1@himalayaerp.com,11,"HIMALAYA FRP RCS 600X600 B125 (Qty: 1 SET @ ₹8310); HIMALAYA FRP RCS 750X750 D400 (Qty: 1 SET @ ₹21300); HIMALAYA FRP RCS 900X900 D400 (Qty: 1 SET @ ₹24940); HIMALAYA FRPONGC 300X700 D400 (Qty: 8 SET @ ₹4580)",91190,16414.2,107604.2,0,107604.2,NOT_DUE,YES,PENDING_ACCEPTANCE,N/A,NORMAL,PP-2627-0188,PENDING_PLANNING,NOT_READY,NOT_DISPATCHED,N/A,N/A,N/A,N/A,N/A,N/A,0,N/A,SENT_TO_PLANT_HEAD
264,83a4c24e-8cc6-46a7-b2fe-5893b9500ac4,HCPPL/2627/0238,2026-03-02,RV BUILDCON,RS,6353178881,Ahmedabad,Sales 2,sales2@himalayaerp.com,22,"FRPMHCELD 10X10 (Qty: 18 SET @ ₹481); FRPMHCLD 36X36 (Qty: 4 SET @ ₹4602.5)",27068,4872.24,31940.24,0,31940.24,NOT_DUE,YES,PENDING_ACCEPTANCE,N/A,NORMAL,PP-2627-0238,PENDING_PLANNING,NOT_READY,NOT_DISPATCHED,N/A,N/A,N/A,N/A,N/A,N/A,0,N/A,SENT_TO_PLANT_HEAD
265,4c25c096-9772-4faa-bc4d-f2d606105848,HCPPL/2627/0248,2026-02-07,TRIPUR BUILDERS,RT,MO : 9537367186,Ahmedabad,Sales 3,sales3@himalayaerp.com,2,FRPMHCLD 36X36 (Qty: 2 SET @ ₹10140),20280,3650.4,23930.4,0,23930.4,NOT_DUE,YES,PENDING_ACCEPTANCE,N/A,NORMAL,PP-2627-0248,PENDING_PLANNING,NOT_READY,NOT_DISPATCHED,N/A,N/A,N/A,N/A,N/A,N/A,0,N/A,SENT_TO_PLANT_HEAD
266,9e24b54a-6e58-48ce-bc8e-9189c50bfbf3,HCPPL/2627/0108,2026-02-07,SCAC CONSTRUCTION,MTH,MO : 9106474296,Jamnagar,SuperSales 1,supersales1@himalayaerp.com,73,"HIMALAYA FRP MHC 450X450 ELD (Qty: 42 NOS @ ₹4600); HIMALAYA FRPDOUBLESEAL MHC 600X600 ELD (Qty: 5 NOS @ ₹6950); HIMALAYA FRP WGC 600X600 ELD (Qty: 9 NOS @ ₹8000); HIMALAYA FRP MHC 900X900 LD (Qty: 12 NOS @ ₹13110); HIMALAYA FRPDOUBLESEAL MHC 600X600 ELD (Qty: 5 NOS @ ₹6950)",492020,88563.6,580583.6,0,580583.6,NOT_DUE,YES,PENDING_ACCEPTANCE,N/A,NORMAL,PP-2627-0108,PENDING_PLANNING,NOT_READY,NOT_DISPATCHED,N/A,N/A,N/A,N/A,N/A,N/A,0,N/A,SENT_TO_PLANT_HEAD
267,68f927ae-07d9-4ffb-b6cc-b6041cd7841e,HCPPL/2627/0247,2026-02-07,VISION CREATIVES INFRA LLP,RT,MO : 9099056806,Gandhinagar,Sales 3,sales3@himalayaerp.com,2,HIMALAYA FRP MHC 600X600 B125 (Qty: 2 SET @ ₹5200),10400,1872,12272,0,12272,NOT_DUE,YES,PENDING_ACCEPTANCE,N/A,NORMAL,PP-2627-0247,PENDING_PLANNING,NOT_READY,NOT_DISPATCHED,N/A,N/A,N/A,N/A,N/A,N/A,0,N/A,SENT_TO_PLANT_HEAD
268,441d100f-a241-4513-a5d9-aef806663a86,HCPPL/2627/0157,2026-02-06,SHIVALIK INSTITUTE OF REAL ESTATE PVT LTD,TL,MO : 9727599235,Ahmedabad,SuperSales 2,supersales2@himalayaerp.com,2,HIMALAYA FRPDOUBLESEAL MHC 600X600 ELD (Qty: 2 NOS @ ₹4280),8560,1540.8,10100.8,0,10100.8,NOT_DUE,YES,PENDING_ACCEPTANCE,N/A,NORMAL,PP-2627-0157,PENDING_PLANNING,NOT_READY,NOT_DISPATCHED,N/A,N/A,N/A,N/A,N/A,N/A,0,N/A,SENT_TO_PLANT_HEAD
269,aae376de-62bc-4d07-80fa-ba5faa41baca,HCPPL/2627/0073,2026-02-06,MEET ENTERPRISE,MTH,MO : 9662543064,Surat,SuperSales 1,supersales1@himalayaerp.com,1,HIMALAYA FRP MHC 900X900 C250 (Qty: 1 NOS @ ₹17880),17880,3218.4,21098.4,0,21098.4,NOT_DUE,YES,PENDING_ACCEPTANCE,N/A,NORMAL,PP-2627-0073,PENDING_PLANNING,NOT_READY,NOT_DISPATCHED,N/A,N/A,N/A,N/A,N/A,N/A,0,N/A,SENT_TO_PLANT_HEAD
270,1c41561b-1ef6-422d-b7c6-01bc21aa8ba4,HCPPL/2627/0237,2026-02-06,ARCHIT CORPORATION,RS,9825137600 / 9998521843,Surat,Sales 2,sales2@himalayaerp.com,58,"HIMALAYA FRP WGC 600X600 B125 (Qty: 5 SET @ ₹5172); HIMALAYA FRP RCS 600X600 B125 (Qty: 3 SET @ ₹6648); HIMALAYA FRP MHC 600X600 B125 (Qty: 5 SET @ ₹6432); HIMALAYA FRP WGC 600X600 D400 (Qty: 6 SET @ ₹8400); HIMALAYA FRP RCS 600X600 D400 (Qty: 2 SET @ ₹10992); HIMALAYA FRP MHC 600X600 D400 (Qty: 1 SET @ ₹10176); HIMALAYA FRP MHC 300X300 B125 (Qty: 28 SET @ ₹2088); HIMALAYA FRP MHC 300X300 ELD (Qty: 7 SET @ ₹960); HIMALAYA FRP MHC 300X300 D400 (Qty: 1 SET @ ₹2928)",228636,41154.48,269790.48,0,269790.48,NOT_DUE,YES,PENDING_ACCEPTANCE,N/A,NORMAL,PP-2627-0237,PENDING_PLANNING,NOT_READY,NOT_DISPATCHED,N/A,N/A,N/A,N/A,N/A,N/A,0,N/A,SENT_TO_PLANT_HEAD
271,42cd7cdb-4447-4daf-a87b-d428cfbc639c,HCPPL/2627/0107,2026-01-07,K.H CONSTRUCTION,MTH,MO : 7878788600,Ahmedabad,SuperSales 1,supersales1@himalayaerp.com,91,"HIMALAYA FRP MHC 900X900 D400 (Qty: 12 NOS @ ₹21999); HIMALAYA FRP RCS 900X900 D400 (Qty: 4 NOS @ ₹28900); HIMALAYA FRP WGC 600X600 D400 (Qty: 36 NOS @ ₹9545); HIMALAYA FRP WGC 600X600 C250 (Qty: 19 NOS @ ₹7299); HIMALAYA FRP RCS 600X600 D400 (Qty: 9 NOS @ ₹12000); HIMALAYA FRP WGC 600X600 C250 (Qty: 11 NOS @ ₹7299)",1050178,189032.04,1239210.04,0,1239210.04,NOT_DUE,YES,PENDING_ACCEPTANCE,N/A,NORMAL,PP-2627-0107,PENDING_PLANNING,NOT_READY,NOT_DISPATCHED,N/A,N/A,N/A,N/A,N/A,N/A,0,N/A,SENT_TO_PLANT_HEAD